{
  "model": "switch",
  "label": "Switch (CMA-ES)",
  "subject": 1,
  "n_trials": 8562,
  "k": 9,
  "nll": 38526.748350164366,
  "aic": 77071.49670032873,
  "bic": 77134.99250210907,
  "start_spread": 9.175637387670577e-07,
  "optimizer": "cma-es",
  "maxiter": 800,
  "seconds": 242.04103708267212,
  "convergence": {
    "optimizer": "cma-es",
    "converged": true,
    "n_feval": 1800,
    "n_iter": 180,
    "hit_maxfevals": false,
    "sigma0": 0.5,
    "stop": {
      "tolx": "0.0001",
      "tolfun": "0.0001"
    }
  }
}