{
  "model": "switch",
  "label": "Switch (CMA-ES)",
  "subject": 11,
  "n_trials": 6474,
  "k": 9,
  "nll": 31296.815469845358,
  "aic": 62611.630939690716,
  "bic": 62672.61088460109,
  "start_spread": 3.83341102860868e-07,
  "optimizer": "cma-es",
  "maxiter": 800,
  "seconds": 198.3068470954895,
  "convergence": {
    "optimizer": "cma-es",
    "converged": true,
    "n_feval": 1660,
    "n_iter": 166,
    "hit_maxfevals": false,
    "sigma0": 0.5,
    "stop": {
      "tolfun": "0.0001"
    }
  }
}