{
  "model": "switch",
  "label": "Switch (CMA-ES)",
  "subject": 4,
  "n_trials": 4801,
  "k": 9,
  "nll": 23074.870759863323,
  "aic": 46167.741519726645,
  "bic": 46226.03073530342,
  "start_spread": 2.708075044211e-07,
  "optimizer": "cma-es",
  "maxiter": 800,
  "seconds": 157.98962092399597,
  "convergence": {
    "optimizer": "cma-es",
    "converged": true,
    "n_feval": 1390,
    "n_iter": 139,
    "hit_maxfevals": false,
    "sigma0": 0.5,
    "stop": {
      "tolfun": "0.0001"
    }
  }
}