{
  "model": "switch",
  "label": "Switch (CMA-ES)",
  "subject": 7,
  "n_trials": 5797,
  "k": 9,
  "nll": 27088.615356910057,
  "aic": 54195.230713820114,
  "bic": 54255.21657621217,
  "start_spread": 7.347989594563842e-08,
  "optimizer": "cma-es",
  "maxiter": 800,
  "seconds": 275.4310121536255,
  "convergence": {
    "optimizer": "cma-es",
    "converged": true,
    "n_feval": 2430,
    "n_iter": 243,
    "hit_maxfevals": false,
    "sigma0": 0.5,
    "stop": {
      "tolfun": "0.0001"
    }
  }
}