{
  "1": {
    "n": 8562,
    "nll": 38560.70546207855,
    "aic": 77133.4109241571,
    "bic": 77175.74145867732,
    "hazard": 0.02130653333779575,
    "k_motor": 26.877487674111617,
    "p_random": 0.035368993466282694,
    "k_like": [
      4.352,
      19.012,
      6.860146941190045e+146
    ]
  },
  "3": {
    "n": 9412,
    "nll": 41735.10428824319,
    "aic": 83482.20857648637,
    "bic": 83525.10702098545,
    "hazard": 0.0013170353692185145,
    "k_motor": 32.720815697511696,
    "p_random": 0.0106344015396751,
    "k_like": [
      2.677,
      14.382,
      240.032
    ]
  }
}