{
  "1": {
    "subject": 1,
    "aic_at": 77251.62545027975,
    "aic_static": 77757.3545906737,
    "aic_online": 78099.92866057353,
    "tau_tighten": 6.095292865601748e-17,
    "tau_loosen": 1.7890650944501898,
    "k_asym": {
      "80": 0.363953419272018,
      "40": 3.4627615272742753,
      "20": 4.27878173472792,
      "10": 49.02748948300757
    },
    "k_like": {
      "0.06": 1.9907065866295224,
      "0.12": 14.385118288218356,
      "0.24": Infinity
    },
    "k_motor": 25.142106689662725,
    "p_random": 0.0042233411879432905
  },
  "3": {
    "subject": 3,
    "aic_at": 83488.27070274173,
    "aic_static": 84157.30119409063,
    "aic_online": 83498.4938373276,
    "tau_tighten": 0.3264473251332151,
    "tau_loosen": 0.11931393336121089,
    "k_asym": {
      "80": 0.6746240429280556,
      "40": 1.9770737021143971,
      "20": 8.146705573729784,
      "10": 95.90816923966167
    },
    "k_like": {
      "0.06": 2.4887324121690995,
      "0.12": 13.152688825871476,
      "0.24": 442.3207740687804
    },
    "k_motor": 30.441956091297456,
    "p_random": 0.008347518023647651
  }
}