{
  "1": {
    "subject": 1,
    "n_trials": 8562,
    "nll": 38587.187152280414,
    "aic_basic": 77192.37430456083,
    "bic_basic": 77255.87010634117,
    "k_like": [
      1.0026957167173967,
      10.906237644505127,
      68.44115861641812
    ],
    "k_prior": {
      "80": 0.5474110903045192,
      "40": 1.096151225776848,
      "20": 2.072529506817986,
      "10": 11.62958323629095
    },
    "k_motor": 33.43906442178579,
    "p_random": 0.015647815410453125
  },
  "3": {
    "subject": 3,
    "n_trials": 9412,
    "nll": 42258.59971632319,
    "aic_basic": 84535.19943264638,
    "bic_basic": 84599.547099395,
    "k_like": [
      0.991835550725089,
      9.987993999220583,
      112.3568629602516
    ],
    "k_prior": {
      "80": 0.5104273347452908,
      "40": 1.052328151688583,
      "20": 3.2479929524570212,
      "10": 16.970325818617106
    },
    "k_motor": 33.23114019264568,
    "p_random": 0.026162502263416557
  }
}