{
  "1": {
    "n_trials": 8562,
    "nll_static": 38527.02993846635,
    "aic_static": 77072.0598769327,
    "bic_static": 77135.55567871305,
    "nll_online": 38559.23511501892,
    "aic_online": 77130.47023003784,
    "bic_online": 77172.80076455807
  },
  "3": {
    "n_trials": 9412,
    "nll_static": 41728.42020974291,
    "aic_static": 83474.84041948582,
    "bic_static": 83539.18808623444,
    "nll_online": 41736.28205926712,
    "aic_online": 83484.56411853424,
    "bic_online": 83527.46256303332
  }
}