{
  "1": {
    "subject": 1,
    "n_trials": 8562,
    "nll_online": 39043.96433028676,
    "aic_online": 78099.92866057353,
    "nll_static": 38886.39107724308,
    "aic_static": 77790.78215448617,
    "delta_aic_static_minus_online": -309.14650608735974,
    "prefers": "static",
    "k_like": [
      0.9830946716961577,
      21.637202929689902,
      7190.444427051105
    ],
    "k_motor": 20.266073235358338,
    "p_random": 0.005016549848962875,
    "lam": 0.16042231140290825,
    "believed_sd_final": 66.39197657771793,
    "bias_prior_early": 1.1851851851851851,
    "bias_prior_late": -0.21050521251002405
  },
  "3": {
    "subject": 3,
    "n_trials": 9412,
    "nll_online": 41743.2469186638,
    "aic_online": 83498.4938373276,
    "nll_static": 42076.92347044809,
    "aic_static": 84171.84694089618,
    "delta_aic_static_minus_online": 673.3531035685883,
    "prefers": "online",
    "k_like": [
      2.6554488707403063,
      14.493872176366462,
      Infinity
    ],
    "k_motor": 30.04329960405657,
    "p_random": 0.009911251907561827,
    "lam": 0.0029314375999103604,
    "believed_sd_final": 22.36022467087966,
    "bias_prior_early": 0.5368421052631579,
    "bias_prior_late": -0.5311895551257253
  }
}