{
  "model": "switch",
  "label": "Switch",
  "subject": 11,
  "n_trials": 6474,
  "nll": 31296.837390528643,
  "aic": 62611.674781057285,
  "bic": 62672.65472596766,
  "k": 9,
  "learns": false,
  "grid_deg": 360,
  "start_spread": 38.7985575312523,
  "params": {
    "k_motor": 17.295796682980388,
    "p_random": 0.024057779334692445,
    "k_like": {
      "0.06": 1.379625349714231,
      "0.12": 4.972935355511125,
      "0.24": 286.8303208792055
    },
    "k_prior": {
      "80": 0.25474034852928246,
      "40": 0.46041004171404576,
      "20": 4.557124391390051,
      "10": 42.53129863748975
    }
  },
  "theta": null,
  "convergence": {
    "converged": false,
    "n_iter": 800,
    "n_feval": 1154,
    "hit_maxiter": true,
    "status": 2,
    "message": "Maximum number of iterations has been exceeded."
  },
  "maxiter": 800,
  "seconds": 519.8
}