{
  "model": "switch",
  "label": "Switch",
  "subject": 8,
  "n_trials": 5797,
  "nll": 30947.412655521566,
  "aic": 61912.82531104313,
  "bic": 61972.81117343519,
  "k": 9,
  "learns": false,
  "grid_deg": 360,
  "start_spread": 15.038531897516805,
  "params": {
    "k_motor": 6.352070621481227,
    "p_random": 0.1894937182848846,
    "k_like": {
      "0.06": 1.157616084026148,
      "0.12": 3.2148088137306856,
      "0.24": 1867349.7340159735
    },
    "k_prior": {
      "80": 0.623207469128876,
      "40": 1.634368702483938,
      "20": 3.301358595908166,
      "10": 8.676686656946597
    }
  },
  "theta": null,
  "convergence": {
    "converged": false,
    "n_iter": 800,
    "n_feval": 1136,
    "hit_maxiter": true,
    "status": 2,
    "message": "Maximum number of iterations has been exceeded."
  },
  "maxiter": 800,
  "seconds": 515.8
}