{
  "model": "switch",
  "label": "Switch",
  "subject": 5,
  "n_trials": 5789,
  "nll": 30981.474020595335,
  "aic": 61980.94804119067,
  "bic": 62040.92147478738,
  "k": 9,
  "learns": false,
  "grid_deg": 360,
  "start_spread": 676.7971384462217,
  "params": {
    "k_motor": 4.914689319596836,
    "p_random": 0.12839054521247795,
    "k_like": {
      "0.06": 1.332392626060482,
      "0.12": 2.8677612431137084e+126,
      "0.24": 8.531093698131498e+35
    },
    "k_prior": {
      "80": 2.459997776884132e-12,
      "40": 1.3730611852065386e-43,
      "20": 1.5123464693048743e-147,
      "10": 2.603236638353662e-121
    }
  },
  "theta": null,
  "convergence": {
    "converged": false,
    "n_iter": 400,
    "n_feval": 637,
    "hit_maxiter": true,
    "status": 2,
    "message": "Maximum number of iterations has been exceeded."
  },
  "maxiter": 400,
  "seconds": 699.1
}