{
  "model": "switch",
  "label": "Switch",
  "subject": 7,
  "n_trials": 5797,
  "nll": 27088.810369270337,
  "aic": 54195.620738540674,
  "bic": 54255.60660093273,
  "k": 9,
  "learns": false,
  "grid_deg": 360,
  "start_spread": 108.98022340653188,
  "params": {
    "k_motor": 19.003516720886974,
    "p_random": 0.026413677189756714,
    "k_like": {
      "0.06": 1.9588383635795552,
      "0.12": 8.89278982585085,
      "0.24": 3692.384657408866
    },
    "k_prior": {
      "80": 0.27738805924991217,
      "40": 0.8235167234608528,
      "20": 10.068361554052329,
      "10": 2141.857487638469
    }
  },
  "theta": null,
  "convergence": {
    "converged": false,
    "n_iter": 800,
    "n_feval": 1125,
    "hit_maxiter": true,
    "status": 2,
    "message": "Maximum number of iterations has been exceeded."
  },
  "maxiter": 800,
  "seconds": 508.1
}