{
  "run_config": {
    "smoke_test": false,
    "participant_id": 3,
    "n_angles": 72,
    "angle_step_degrees": 5.0,
    "kappa_support": [
      0.0,
      0.05,
      0.11856868528308274,
      0.2811706625951745,
      0.6667607160816619,
      1.5811388300841895,
      3.7494710466622787,
      8.891397050194612,
      21.08482517142911,
      50.0
    ],
    "n_starts": 2,
    "max_evaluations_per_start": 250,
    "prior_std_used": false,
    "state_reset": "session boundary",
    "state_carryover": "across blocks within a session"
  },
  "data_audit": {
    "csv_path": "C:\\Users\\HP\\Desktop\\baysiean hyperprior\\hierarchical\\data\\data01_direction4priors.csv",
    "subject_id": 3,
    "trials": 9412,
    "valid_responses": 9412,
    "sessions": 9,
    "runs": 44,
    "coherences": [
      0.06,
      0.12,
      0.24
    ],
    "prior_mean_degrees": 225.0,
    "prior_std_used": false
  },
  "fits": {
    "readout_average": {
      "model": "readout_average",
      "nll": 26940.428398139862,
      "aic": 53894.856796279724,
      "bic": 53944.904981528656,
      "parameters": {
        "alpha": 0.6670237326182121,
        "motor_kappa": 31.080979436184393,
        "lapse": 0.012843159788711495,
        "lambda": 0.2614599735048919,
        "sensory_kappa_0.06": 2.298379626103188,
        "sensory_kappa_0.12": 10.385304520753325,
        "sensory_kappa_0.24": 79.95835502479355
      },
      "elapsed_seconds": 99.97079620003933,
      "evaluations": 437,
      "best_start": 1,
      "success": false,
      "message": "Maximum number of function evaluations has been exceeded."
    },
    "reliability_mixture": {
      "model": "reliability_mixture",
      "nll": 27253.12920407286,
      "aic": 54520.25840814572,
      "bic": 54570.30659339465,
      "parameters": {
        "prior_kappa": 79.92758525859179,
        "learning_rate": 0.07069861537611137,
        "motor_kappa": 39.03188976884521,
        "lapse": 0.010130228863487942,
        "sensory_kappa_0.06": 2.784729455221455,
        "sensory_kappa_0.12": 14.32246906506025,
        "sensory_kappa_0.24": 79.95420945394511
      },
      "elapsed_seconds": 204.28063910000492,
      "evaluations": 500,
      "best_start": 0,
      "success": false,
      "message": "Maximum number of function evaluations has been exceeded."
    },
    "integrated_prior": {
      "model": "integrated_prior",
      "nll": 27081.00698114472,
      "aic": 54174.01396228944,
      "bic": 54216.91240678853,
      "parameters": {
        "rho": 0.7546601870703066,
        "motor_kappa": 24.632670654996453,
        "lapse": 0.0195390868828332,
        "sensory_kappa_0.06": 2.5180463097584016,
        "sensory_kappa_0.12": 10.417952834225774,
        "sensory_kappa_0.24": 79.96004706891067
      },
      "elapsed_seconds": 2510.0361508999486,
      "evaluations": 430,
      "best_start": 0,
      "success": true,
      "message": "Optimization terminated successfully."
    }
  }
}