{
  "model": "hb_adaptive",
  "label": "HB-Adaptive",
  "subject": 6,
  "n_trials": 7553,
  "nll": 37759.476906395015,
  "aic": 75530.95381279003,
  "bic": 75572.53201347591,
  "k": 6,
  "learns": true,
  "grid_deg": 360,
  "start_spread": 86.31522847760789,
  "params": {
    "k_motor": 8.966280496913752,
    "p_random": 0.06417439167143625,
    "lam": 0.24846202020791022,
    "k_like": {
      "0.06": 1.632620422786318,
      "0.12": 6.650086779967348,
      "0.24": 1665631963.1738439
    }
  },
  "theta": [
    0.4901863453200511,
    1.8946299042017674,
    21.233470445826875,
    2.1934709297535733,
    -2.6798248957321507,
    -1.1068317488909187
  ],
  "convergence": {
    "converged": true,
    "n_iter": 287,
    "n_feval": 524,
    "hit_maxiter": false,
    "status": 0,
    "message": "Optimization terminated successfully."
  },
  "maxiter": 800,
  "seconds": 5158.1
}