{
  "model": "hb_adaptive",
  "label": "HB-Adaptive",
  "subject": 2,
  "n_trials": 7877,
  "nll": 36181.541856802985,
  "aic": 72375.08371360597,
  "bic": 72416.91392800419,
  "k": 6,
  "learns": true,
  "grid_deg": 360,
  "start_spread": 26.228738477278966,
  "params": {
    "k_motor": 46.9486808881613,
    "p_random": 0.010667660051587499,
    "lam": 0.3068117766265598,
    "k_like": {
      "0.06": 0.773072011259486,
      "0.12": 1.2991459724189014,
      "0.24": 10.445496106522977
    }
  },
  "theta": [
    -0.25738307657133086,
    0.2617071042918824,
    2.3461708909148533,
    3.8490551091607683,
    -4.529813571891756,
    -0.8150671148007413
  ],
  "convergence": {
    "converged": true,
    "n_iter": 300,
    "n_feval": 552,
    "hit_maxiter": false,
    "status": 0,
    "message": "Optimization terminated successfully."
  },
  "maxiter": 800,
  "seconds": 4630.3
}