{
  "model": "hb_adaptive",
  "label": "HB-Adaptive",
  "subject": 7,
  "n_trials": 5797,
  "nll": 27132.046676751168,
  "aic": 54276.093353502336,
  "bic": 54316.08392843037,
  "k": 6,
  "learns": true,
  "grid_deg": 360,
  "start_spread": 142.2461122606328,
  "params": {
    "k_motor": 27.036773342050363,
    "p_random": 0.033828329328143024,
    "lam": 0.37160864828936174,
    "k_like": {
      "0.06": 1.9783076938480297,
      "0.12": 7.8382907143999265,
      "0.24": 43.446268047322306
    }
  },
  "theta": [
    0.6822417791653241,
    2.0590207894697983,
    3.7715249572820118,
    3.297197914988299,
    -3.3520429340903073,
    -0.5253218641078112
  ],
  "convergence": {
    "converged": true,
    "n_iter": 313,
    "n_feval": 564,
    "hit_maxiter": false,
    "status": 0,
    "message": "Optimization terminated successfully."
  },
  "maxiter": 800,
  "seconds": 4569.5
}