{
  "model": "hb_adaptive",
  "label": "HB-Adaptive",
  "subject": 12,
  "n_trials": 6474,
  "nll": 32683.514356174113,
  "aic": 65379.02871234823,
  "bic": 65419.68200895515,
  "k": 6,
  "learns": true,
  "grid_deg": 360,
  "start_spread": 99.39327636622329,
  "params": {
    "k_motor": 13.986560232329968,
    "p_random": 0.06570734040373928,
    "lam": 0.3599930745333032,
    "k_like": {
      "0.06": 1.0684242056839224,
      "0.12": 2.279700911191887,
      "0.24": 10.611254153159496
    }
  },
  "theta": [
    0.0661848580096819,
    0.8240442550597883,
    2.361915150462071,
    2.638096885131078,
    -2.6545790838529455,
    -0.5753942034792607
  ],
  "convergence": {
    "converged": true,
    "n_iter": 367,
    "n_feval": 665,
    "hit_maxiter": false,
    "status": 0,
    "message": "Optimization terminated successfully."
  },
  "maxiter": 800,
  "seconds": 5100.9
}