{
  "basic_bayes": {
    "truth": {
      "k_like": {
        "0.06": 1.0,
        "0.12": 3.0,
        "0.24": 8.0
      },
      "k_prior": {
        "80": 0.5,
        "40": 1.4,
        "20": 2.7,
        "10": 8.7
      },
      "k_motor": 40.0,
      "p_random": 0.02
    },
    "recovered": [
      {
        "k_motor": 35.23335145695047,
        "p_random": 0.036641710388339264,
        "k_like": {
          "0.06": 1.6214313041445443,
          "0.12": 4.919275542063565,
          "0.24": 8.286235138235092
        },
        "k_prior": {
          "80": 0.6111950830398127,
          "40": 1.9114610255895137,
          "20": 4.655352408521175,
          "10": 16.14872534445834
        }
      }
    ]
  },
  "switch": {
    "truth": {
      "k_like": {
        "0.06": 1.0,
        "0.12": 3.0,
        "0.24": 8.0
      },
      "k_prior": {
        "80": 0.5,
        "40": 1.4,
        "20": 2.7,
        "10": 8.7
      },
      "k_motor": 40.0,
      "p_random": 0.02
    },
    "recovered": [
      {
        "k_motor": 41.13550938876246,
        "p_random": 0.0367946019733434,
        "k_like": {
          "0.06": 1.6965066110031628,
          "0.12": 5.078785147934401,
          "0.24": 7.90167288340883
        },
        "k_prior": {
          "80": 0.6330183883278119,
          "40": 1.8480623574502455,
          "20": 4.86293617994117,
          "10": 15.459096890308313
        }
      }
    ]
  }
}