{
 "model": "hierarchical_online",
 "label": "Hier-Online",
 "subject": 5,
 "n_trials": 5789,
 "nll": 30885.12392492785,
 "aic": 61786.2478498557,
 "bic": 61839.55756860833,
 "k": 8,
 "learns": true,
 "grid_deg": 360,
 "start_spread": 443.0153312863622,
 "params": {
  "k_llh": {
   "0.06": 1.9107898952713631,
   "0.12": 6.915290917504796,
   "0.24": 21.15015246883543
  },
  "pi": 2.787029616662203e-06,
  "p_rand": 0.08987716916433608,
  "k_motor": 63.3656261977744,
  "alpha": 0.020153764481945058,
  "R0": 0.0006292409901631473,
  "mode_init": 225.0
 },
 "theta": [
  1.9107898952713631,
  6.915290917504796,
  21.15015246883543,
  2.787029616662203e-06,
  0.08987716916433608,
  63.3656261977744,
  0.020153764481945058,
  0.0006292409901631473
 ],
 "convergence": null,
 "maxiter": 400,
 "seconds": 8391.2
}