{
 "model": "hierarchical_online",
 "label": "Hier-Online",
 "subject": 3,
 "n_trials": 9412,
 "nll": 43211.491624192684,
 "aic": 86438.98324838537,
 "bic": 86496.18117438414,
 "k": 8,
 "learns": true,
 "grid_deg": 360,
 "start_spread": 900.1244319064281,
 "params": {
  "k_llh": {
   "0.06": 1.684374460667525,
   "0.12": 4.891135371714787,
   "0.24": 16.386449515598542
  },
  "pi": 0.9930935994930594,
  "p_rand": 6.353040663001984e-05,
  "k_motor": 50.1660005793447,
  "alpha": 0.10540846554237271,
  "R0": 0.0019019813064215488,
  "mode_init": 225.0
 },
 "theta": [
  1.684374460667525,
  4.891135371714787,
  16.386449515598542,
  0.9930935994930594,
  6.353040663001984e-05,
  50.1660005793447,
  0.10540846554237271,
  0.0019019813064215488
 ],
 "convergence": {
  "converged": true,
  "n_iter": 306,
  "n_feval": 515,
  "hit_maxiter": false,
  "status": 0,
  "message": "Optimization terminated successfully."
 },
 "maxiter": 400,
 "seconds": 11440.3
}