{
 "model": "hierarchical_online",
 "label": "Hier-Online",
 "subject": 6,
 "n_trials": 7553,
 "nll": 37660.15398992853,
 "aic": 75336.30797985705,
 "bic": 75391.74558077156,
 "k": 8,
 "learns": true,
 "grid_deg": 360,
 "start_spread": 173.34589686810796,
 "params": {
  "k_llh": {
   "0.06": 2.1342835827555997,
   "0.12": 7.4664182590470105,
   "0.24": 58.92099582438169
  },
  "pi": 0.8081674970974029,
  "p_rand": 0.04592207626244312,
  "k_motor": 15.72326864826747,
  "alpha": 0.15698354857083802,
  "R0": 0.0009067072824076282,
  "mode_init": 225.0
 },
 "theta": [
  2.1342835827555997,
  7.4664182590470105,
  58.92099582438169,
  0.8081674970974029,
  0.04592207626244312,
  15.72326864826747,
  0.15698354857083802,
  0.0009067072824076282
 ],
 "convergence": {
  "converged": true,
  "n_iter": 271,
  "n_feval": 458,
  "hit_maxiter": false,
  "status": 0,
  "message": "Optimization terminated successfully."
 },
 "maxiter": 400,
 "seconds": 22816.5
}