{
 "model": "hierarchical_online",
 "label": "Hier-Online",
 "subject": 2,
 "n_trials": 7877,
 "nll": 36785.839955010975,
 "aic": 73587.67991002195,
 "bic": 73643.45352921958,
 "k": 8,
 "learns": true,
 "grid_deg": 360,
 "start_spread": 875.8232267650019,
 "params": {
  "k_llh": {
   "0.06": 0.8752895290946197,
   "0.12": 1.9307795852417406,
   "0.24": 13.07455546644439
  },
  "pi": 0.9992461397308443,
  "p_rand": 0.0036353896652346262,
  "k_motor": 50.92756506968906,
  "alpha": 0.19764432916165084,
  "R0": 0.3796049359963258,
  "mode_init": 225.0
 },
 "theta": [
  0.8752895290946197,
  1.9307795852417406,
  13.07455546644439,
  0.9992461397308443,
  0.0036353896652346262,
  50.92756506968906,
  0.19764432916165084,
  0.3796049359963258
 ],
 "convergence": null,
 "maxiter": 1500,
 "seconds": 6916.3
}