{
 "model": "hierarchical_online",
 "label": "Hier-Online",
 "subject": 12,
 "n_trials": 6474,
 "nll": 32799.45223549167,
 "aic": 65614.90447098334,
 "bic": 65669.10886645922,
 "k": 8,
 "learns": true,
 "grid_deg": 360,
 "start_spread": 117.71927334580687,
 "params": {
  "k_llh": {
   "0.06": 1.3230617597396366,
   "0.12": 2.684272422702687,
   "0.24": 11.575910511025413
  },
  "pi": 0.8984432273452252,
  "p_rand": 0.029949309059436297,
  "k_motor": 20.37785500293529,
  "alpha": 0.1672204581994154,
  "R0": 0.3851980085509217,
  "mode_init": 225.0
 },
 "theta": [
  1.3230617597396366,
  2.684272422702687,
  11.575910511025413,
  0.8984432273452252,
  0.029949309059436297,
  20.37785500293529,
  0.1672204581994154,
  0.3851980085509217
 ],
 "convergence": {
  "converged": false,
  "n_iter": 400,
  "n_feval": 612,
  "hit_maxiter": true,
  "status": 2,
  "message": "Maximum number of iterations has been exceeded."
 },
 "maxiter": 400,
 "seconds": 8433.7
}