{
 "model": "hierarchical_online",
 "label": "Hier-Online",
 "subject": 1,
 "n_trials": 8562,
 "nll": 39489.908187702946,
 "aic": 78995.81637540589,
 "bic": 79052.25708809953,
 "k": 8,
 "learns": true,
 "grid_deg": 360,
 "start_spread": 671.6626580731463,
 "params": {
  "k_llh": {
   "0.06": 1.1102113094593844,
   "0.12": 6.789010405838086,
   "0.24": 15.011363872838356
  },
  "pi": 0.9837419112545353,
  "p_rand": 0.002381484190104131,
  "k_motor": 48.05943953648543,
  "alpha": 0.10208583126409602,
  "R0": 5.776512899195916e-05,
  "mode_init": 225.0
 },
 "theta": [
  1.1102113094593844,
  6.789010405838086,
  15.011363872838356,
  0.9837419112545353,
  0.002381484190104131,
  48.05943953648543,
  0.10208583126409602,
  5.776512899195916e-05
 ],
 "convergence": {
  "converged": true,
  "n_iter": 213,
  "n_feval": 384,
  "hit_maxiter": false,
  "status": 0,
  "message": "Optimization terminated successfully."
 },
 "maxiter": 400,
 "seconds": 9145.1
}