{
 "model": "hierarchical_online",
 "label": "Hier-Online",
 "subject": 7,
 "n_trials": 5797,
 "nll": 27142.633618721575,
 "aic": 54301.26723744315,
 "bic": 54354.588004013865,
 "k": 8,
 "learns": true,
 "grid_deg": 360,
 "start_spread": 655.9110088584785,
 "params": {
  "k_llh": {
   "0.06": 2.1525617473094365,
   "0.12": 7.579453018310793,
   "0.24": 41.71515125921522
  },
  "pi": 0.8889152075410853,
  "p_rand": 0.006096600507068374,
  "k_motor": 159.8576675358102,
  "alpha": 0.2167695077753496,
  "R0": 0.9680411132595026,
  "mode_init": 225.0
 },
 "theta": [
  2.1525617473094365,
  7.579453018310793,
  41.71515125921522,
  0.8889152075410853,
  0.006096600507068374,
  159.8576675358102,
  0.2167695077753496,
  0.9680411132595026
 ],
 "convergence": {
  "converged": true,
  "n_iter": 347,
  "n_feval": 580,
  "hit_maxiter": false,
  "status": 0,
  "message": "Optimization terminated successfully."
 },
 "maxiter": 400,
 "seconds": 17801.6
}