{
 "model": "hierarchical_online",
 "label": "Hier-Online",
 "subject": 10,
 "n_trials": 6045,
 "nll": 31077.654102809334,
 "aic": 62171.30820561867,
 "bic": 62224.96409972306,
 "k": 8,
 "learns": true,
 "grid_deg": 360,
 "start_spread": 104.15871162730764,
 "params": {
  "k_llh": {
   "0.06": 1.2926441004276934,
   "0.12": 2.3476783364729026,
   "0.24": 11.156202531768578
  },
  "pi": 0.8389065967787026,
  "p_rand": 0.039820069739370495,
  "k_motor": 25.993260499223975,
  "alpha": 0.11512391587742093,
  "R0": 0.015714731220218055,
  "mode_init": 225.0
 },
 "theta": [
  1.2926441004276934,
  2.3476783364729026,
  11.156202531768578,
  0.8389065967787026,
  0.039820069739370495,
  25.993260499223975,
  0.11512391587742093,
  0.015714731220218055
 ],
 "convergence": {
  "converged": true,
  "n_iter": 288,
  "n_feval": 475,
  "hit_maxiter": false,
  "status": 0,
  "message": "Optimization terminated successfully."
 },
 "maxiter": 400,
 "seconds": 6187.7
}