{
 "model": "hierarchical_online",
 "label": "Hier-Online",
 "subject": 8,
 "n_trials": 5797,
 "nll": 30961.507340421565,
 "aic": 61939.01468084313,
 "bic": 61992.33544741385,
 "k": 8,
 "learns": true,
 "grid_deg": 360,
 "start_spread": 58.6853551012282,
 "params": {
  "k_llh": {
   "0.06": 1.1092027190753329,
   "0.12": 2.226666182071659,
   "0.24": 14.689252324504972
  },
  "pi": 0.7003965507432741,
  "p_rand": 0.052962206493613315,
  "k_motor": 9.398842019149765,
  "alpha": 0.22097032184421062,
  "R0": 0.055326253768708374,
  "mode_init": 225.0
 },
 "theta": [
  1.1092027190753329,
  2.226666182071659,
  14.689252324504972,
  0.7003965507432741,
  0.052962206493613315,
  9.398842019149765,
  0.22097032184421062,
  0.055326253768708374
 ],
 "convergence": null,
 "maxiter": 400,
 "seconds": 7453.3
}