{
 "model": "hierarchical_online",
 "label": "Hier-Online",
 "subject": 9,
 "n_trials": 8632,
 "nll": 42297.41921991953,
 "aic": 84610.83843983906,
 "bic": 84667.34429189457,
 "k": 8,
 "learns": true,
 "grid_deg": 360,
 "start_spread": 793.7875617934405,
 "params": {
  "k_llh": {
   "0.06": 2.192726635687771,
   "0.12": 6.495371956652536,
   "0.24": 40.878838123564336
  },
  "pi": 0.928256972485616,
  "p_rand": 0.036482779751999865,
  "k_motor": 25.48669664306987,
  "alpha": 0.09862419803563996,
  "R0": 6.68166604451044e-05,
  "mode_init": 225.0
 },
 "theta": [
  2.192726635687771,
  6.495371956652536,
  40.878838123564336,
  0.928256972485616,
  0.036482779751999865,
  25.48669664306987,
  0.09862419803563996,
  6.68166604451044e-05
 ],
 "convergence": {
  "converged": false,
  "n_iter": 400,
  "n_feval": 608,
  "hit_maxiter": true,
  "status": 2,
  "message": "Maximum number of iterations has been exceeded."
 },
 "maxiter": 400,
 "seconds": 18027.3
}