{
 "model": "hierarchical_online",
 "label": "Hier-Online",
 "subject": 11,
 "n_trials": 6474,
 "nll": 31710.429400594814,
 "aic": 63436.85880118963,
 "bic": 63491.06319666552,
 "k": 8,
 "learns": true,
 "grid_deg": 360,
 "start_spread": 655.362622737226,
 "params": {
  "k_llh": {
   "0.06": 1.738478612654312,
   "0.12": 5.0950246236620504,
   "0.24": 43.753667151465095
  },
  "pi": 0.8128954118601897,
  "p_rand": 0.014985287985844722,
  "k_motor": 33.55722232708597,
  "alpha": 0.0750170057289796,
  "R0": 0.001544740260619834,
  "mode_init": 225.0
 },
 "theta": [
  1.738478612654312,
  5.0950246236620504,
  43.753667151465095,
  0.8128954118601897,
  0.014985287985844722,
  33.55722232708597,
  0.0750170057289796,
  0.001544740260619834
 ],
 "convergence": {
  "converged": false,
  "n_iter": 400,
  "n_feval": 599,
  "hit_maxiter": true,
  "status": 2,
  "message": "Maximum number of iterations has been exceeded."
 },
 "maxiter": 400,
 "seconds": 9699.5
}