{
  "1": {
    "subject": 1,
    "n_trials": 8562,
    "nll_integration": 38461.9,
    "aic_integration": 76937.8,
    "bic_integration": 76987.18562360694,
    "alpha": 1.0,
    "k_motor": 25.4,
    "p_random": 0.018,
    "lam": 0.122,
    "k_like": [
      2.36,
      14.46,
      566.26
    ],
    "aic_online": 78099.92866057353,
    "aic_static": 77790.78215448617,
    "bic_online": 78142.25919509375,
    "bic_static": 77854.27795626651,
    "aic_at": 77251.62545027975,
    "bic_at": 77329.2314302335
  },
  "3": {
    "subject": 3,
    "n_trials": 9412,
    "nll_integration": 42145.49144678119,
    "aic_integration": 84304.98289356238,
    "bic_integration": 84355.03107881131,
    "alpha": 0.6048555711697018,
    "k_motor": 30.04329960405657,
    "p_random": 0.009911251907561827,
    "lam": 0.05000000000000001,
    "k_like": [
      2.6554488707403063,
      14.493872176366462,
      Infinity
    ],
    "aic_online": 83498.4938373276,
    "aic_static": 84171.84694089618,
    "bic_online": 83541.39228182667,
    "bic_static": 84236.19460764481,
    "aic_at": 83488.27070274173,
    "bic_at": 83566.91785099005
  }
}