{
  "model": "switch",
  "label": "Switch (CMA-ES)",
  "subject": 6,
  "n_trials": 7553,
  "k": 9,
  "nll": 37568.280170039536,
  "aic": 75154.56034007907,
  "bic": 75216.92764110789,
  "start_spread": 1.1056545190513134e-07,
  "optimizer": "cma-es",
  "maxiter": 800,
  "seconds": 349.2869691848755,
  "convergence": {
    "optimizer": "cma-es",
    "converged": true,
    "n_feval": 2890,
    "n_iter": 289,
    "hit_maxfevals": false,
    "sigma0": 0.5,
    "stop": {
      "tolfun": "0.0001"
    }
  }
}