{
  "model": "switch",
  "label": "Switch (CMA-ES)",
  "subject": 12,
  "n_trials": 6474,
  "k": 9,
  "nll": 32580.76569333203,
  "aic": 65179.53138666406,
  "bic": 65240.51133157443,
  "start_spread": 5.638426955556497e-06,
  "optimizer": "cma-es",
  "maxiter": 800,
  "seconds": 239.6076500415802,
  "convergence": {
    "optimizer": "cma-es",
    "converged": true,
    "n_feval": 1980,
    "n_iter": 198,
    "hit_maxfevals": false,
    "sigma0": 0.5,
    "stop": {
      "tolfun": "0.0001"
    }
  }
}