{
  "model": "switch",
  "label": "Switch (CMA-ES)",
  "subject": 5,
  "n_trials": 5789,
  "k": 9,
  "nll": 30858.604347762615,
  "aic": 61735.20869552523,
  "bic": 61795.18212912194,
  "start_spread": 122.86967868668944,
  "optimizer": "cma-es",
  "maxiter": 800,
  "seconds": 361.8169229030609,
  "convergence": {
    "optimizer": "cma-es",
    "converged": true,
    "n_feval": 4310,
    "n_iter": 431,
    "hit_maxfevals": false,
    "sigma0": 0.5,
    "stop": {
      "tolfun": "0.0001"
    }
  }
}