{
  "model": "switch",
  "label": "Switch (CMA-ES)",
  "subject": 10,
  "n_trials": 6045,
  "k": 9,
  "nll": 30887.114591869213,
  "aic": 61792.229183738425,
  "bic": 61852.592064605866,
  "start_spread": 1.057520421454683e-06,
  "optimizer": "cma-es",
  "maxiter": 800,
  "seconds": 218.08727073669434,
  "convergence": {
    "optimizer": "cma-es",
    "converged": true,
    "n_feval": 2050,
    "n_iter": 205,
    "hit_maxfevals": false,
    "sigma0": 0.5,
    "stop": {
      "tolfun": "0.0001"
    }
  }
}