{
  "model": "hb_salma",
  "label": "HB-Salma",
  "subject": 1,
  "n_trials": 8562,
  "nll": 39861.04276026075,
  "aic": 79734.0855205215,
  "bic": 79776.41605504173,
  "k": 6,
  "learns": true,
  "grid_deg": 360,
  "start_spread": 0.0,
  "params": {
    "rho": 0.8554455364767246,
    "motor_kappa": 27.66011568724958,
    "lapse": 0.018179466269658263,
    "sensory_kappas": [
      1.5152822660188654,
      3.083537866955076,
      8.426888287638695
    ]
  },
  "theta": [
    1.7779660817728096,
    0.41560173581086834,
    1.1260775958848135,
    2.1314275802218328,
    3.319991508702543,
    -3.989115805563391
  ],
  "maxiter": 3,
  "seconds": 12.2
}