{
  "model": "recombined",
  "label": "Recombined",
  "subject": 11,
  "n_trials": 6474,
  "nll": 31676.697748580147,
  "aic": 63367.395497160294,
  "bic": 63414.8243432017,
  "k": 7,
  "learns": true,
  "grid_deg": 360,
  "start_spread": 0.0,
  "params": {
    "k_motor": 13.98439566966341,
    "p_random": 0.02016840041298798,
    "lam": 0.9301185516734086,
    "alpha": 0.164468574575848,
    "k_like": {
      "0.06": 0.9784042736341977,
      "0.12": 4.857781920813317,
      "0.24": 81542514535.20448
    }
  },
  "theta": [
    -0.021832326636091713,
    1.580581938838174,
    25.124390371919485,
    -1.625348444101388,
    2.6379421129682346,
    -3.883263676177445,
    2.588511841979624
  ],
  "convergence": {
    "converged": true,
    "n_iter": 324,
    "n_feval": 564,
    "hit_maxiter": false,
    "status": 0,
    "message": "Optimization terminated successfully."
  },
  "maxiter": 400,
  "seconds": 2173.2
}