{
  "model": "recombined",
  "label": "Recombined",
  "subject": 6,
  "n_trials": 7553,
  "nll": 38210.90605934856,
  "aic": 76435.81211869713,
  "bic": 76484.32001949732,
  "k": 7,
  "learns": true,
  "grid_deg": 360,
  "start_spread": 0.0,
  "params": {
    "k_motor": 7.09655413484329,
    "p_random": 0.11433795534295835,
    "lam": 0.00507693547066292,
    "alpha": 0.5618325901893965,
    "k_like": {
      "0.06": 0.9948398805181997,
      "0.12": 9.77666300117032,
      "0.24": 263.9648671221347
    }
  },
  "theta": [
    -0.0051734788755287975,
    2.2799982193982666,
    5.575816015207686,
    0.24860287176202123,
    1.959609333114367,
    -2.047176854978656,
    -5.277957586334928
  ],
  "convergence": {
    "converged": true,
    "n_iter": 234,
    "n_feval": 416,
    "hit_maxiter": false,
    "status": 0,
    "message": "Optimization terminated successfully."
  },
  "maxiter": 400,
  "seconds": 9000.7
}