{
  "model": "recombined",
  "label": "Recombined",
  "subject": 4,
  "n_trials": 4801,
  "nll": 23429.6689919178,
  "aic": 46873.3379838356,
  "bic": 46918.674040395315,
  "k": 7,
  "learns": true,
  "grid_deg": 360,
  "start_spread": 0.0,
  "params": {
    "k_motor": 11.25430261875666,
    "p_random": 0.10765666506386969,
    "lam": 0.03906812112430116,
    "alpha": 0.5960060049411996,
    "k_like": {
      "0.06": 1.0002195082944707,
      "0.12": 6.717382168874882,
      "0.24": 35.374038418368066
    }
  },
  "theta": [
    0.00021948420605006898,
    1.9046985204344071,
    3.5659781730743196,
    0.38885072828444717,
    2.4207505105337495,
    -2.114903827064146,
    -3.2025967028665336
  ],
  "convergence": {
    "converged": true,
    "n_iter": 190,
    "n_feval": 333,
    "hit_maxiter": false,
    "status": 0,
    "message": "Optimization terminated successfully."
  },
  "maxiter": 400,
  "seconds": 1425.9
}