{
  "model": "basic_bayes",
  "label": "Basic-Bayes",
  "subject": 10,
  "n_trials": 6045,
  "nll": 30987.652617143416,
  "aic": 61993.30523428683,
  "bic": 62053.66811515427,
  "k": 9,
  "learns": false,
  "grid_deg": 360,
  "start_spread": 191.09171965496353,
  "params": {
    "k_motor": 15.191770401526819,
    "p_random": 0.18002768597767188,
    "k_like": {
      "0.06": 0.7934594520287923,
      "0.12": 2.2066784883635933,
      "0.24": 14.387716672864833
    },
    "k_prior": {
      "80": 0.09261507040317994,
      "40": 1.1766259217674027,
      "20": 7.606204795120924,
      "10": 27.35027576813674
    }
  },
  "theta": null,
  "convergence": {
    "converged": true,
    "n_iter": 354,
    "n_feval": 606,
    "hit_maxiter": false,
    "status": 0,
    "message": "Optimization terminated successfully."
  },
  "maxiter": 400,
  "seconds": 460.8
}