{
  "model": "basic_bayes",
  "label": "Basic-Bayes",
  "subject": 3,
  "n_trials": 9412,
  "nll": 41990.675386131654,
  "aic": 83999.35077226331,
  "bic": 84063.69843901193,
  "k": 9,
  "learns": false,
  "grid_deg": 360,
  "start_spread": 381.43932928772847,
  "params": {
    "k_motor": 32.24171495313349,
    "p_random": 0.007899649671112514,
    "k_like": {
      "0.06": 1.825361739005105,
      "0.12": 7.587939184852414,
      "0.24": 184.24539665156087
    },
    "k_prior": {
      "80": 0.33877292018944893,
      "40": 1.704058646128658,
      "20": 4.833024586711218,
      "10": 19.82445492318096
    }
  },
  "theta": null,
  "convergence": {
    "converged": true,
    "n_iter": 464,
    "n_feval": 778,
    "hit_maxiter": false,
    "status": 0,
    "message": "Optimization terminated successfully."
  },
  "maxiter": 800,
  "seconds": 579.9
}