subj,n,static,online,at,adaptive_volatility
1,8562,38613.974495629416,38618.998146744845,38604.5474802058,38619.97818618806
2,7877,36292.48820961044,36324.639638981775,36293.06086835811,36321.459231829234
3,9412,41780.76440431823,41765.52643600781,41774.33132963271,41763.40896323515
5,5789,30927.881129577312,31434.09097520877,30918.41836465618,31433.876879026066
6,7553,37858.38417386595,37894.1186298972,37789.66906259153,37886.77785486175
9,8632,42308.855896468056,42353.69720650118,42297.8300850192,42348.3312848365
10,6045,31110.140344865453,31211.79305686205,31086.15906949235,31215.652494629692
11,6474,31433.058093992047,31480.635979444494,31430.218792413663,31487.177825125385
