{
  "model": "recombined",
  "label": "Recombined",
  "subject": 10,
  "n_trials": 6045,
  "nll": 31183.233877644783,
  "aic": 62380.46775528957,
  "bic": 62427.41666263091,
  "k": 7,
  "learns": true,
  "grid_deg": 360,
  "start_spread": 0.0,
  "params": {
    "k_motor": 12.435571831118041,
    "p_random": 0.26017034387221,
    "lam": 0.0012382785483117903,
    "alpha": 0.8971752615957219,
    "k_like": {
      "0.06": 1.0125205714385188,
      "0.12": 3.7862272971024855,
      "0.24": 78.45771535574207
    }
  },
  "theta": [
    0.012442837262302102,
    1.3313700871980476,
    4.362559821771447,
    2.166225259341215,
    2.5205610618127015,
    -1.0450833800520523,
    -6.692794085543109
  ],
  "convergence": {
    "converged": false,
    "n_iter": 400,
    "n_feval": 623,
    "hit_maxiter": true,
    "status": 2,
    "message": "Maximum number of iterations has been exceeded."
  },
  "maxiter": 400,
  "seconds": 2625.5
}