{
  "model": "recombined",
  "label": "Recombined",
  "subject": 9,
  "n_trials": 8632,
  "nll": 42749.03016987802,
  "aic": 85512.06033975603,
  "bic": 85561.5029603046,
  "k": 7,
  "learns": true,
  "grid_deg": 360,
  "start_spread": 0.0,
  "params": {
    "k_motor": 9.18842172697277,
    "p_random": 0.024206396813457317,
    "lam": 0.170227167659497,
    "alpha": 0.13608231032346213,
    "k_like": {
      "0.06": 1.0009976647380634,
      "0.12": 7.324643108236481,
      "0.24": 798948631.0976591
    }
  },
  "theta": [
    0.000997167401354649,
    1.9912444312911013,
    20.49880721017147,
    -1.8482175720586969,
    2.217944183531084,
    -3.6966341625368484,
    -1.5840181419815318
  ],
  "convergence": {
    "converged": true,
    "n_iter": 308,
    "n_feval": 522,
    "hit_maxiter": false,
    "status": 0,
    "message": "Optimization terminated successfully."
  },
  "maxiter": 400,
  "seconds": 3007.2
}