{
  "model": "recombined",
  "label": "Recombined",
  "subject": 1,
  "n_trials": 8562,
  "nll": 39534.81932092321,
  "aic": 79083.63864184642,
  "bic": 79133.02426545336,
  "k": 7,
  "learns": true,
  "grid_deg": 360,
  "start_spread": 0.0,
  "params": {
    "k_motor": 13.895826147688052,
    "p_random": 0.05413511600470049,
    "lam": 0.009363537864381665,
    "alpha": 0.6773724086441166,
    "k_like": {
      "0.06": 0.9957955655446157,
      "0.12": 43.195766275167024,
      "0.24": 263.96993350085893
    }
  },
  "theta": [
    -0.004213297942620679,
    3.7657424875578154,
    5.575835208406234,
    0.7417225181882547,
    2.6315885178996927,
    -2.8606166604547036,
    -4.661524431570738
  ],
  "convergence": {
    "converged": true,
    "n_iter": 320,
    "n_feval": 536,
    "hit_maxiter": false,
    "status": 0,
    "message": "Optimization terminated successfully."
  },
  "maxiter": 400,
  "seconds": 5702.6
}