{
  "model": "recombined",
  "label": "Recombined",
  "subject": 5,
  "n_trials": 5789,
  "nll": 31912.781468296438,
  "aic": 63839.562936592876,
  "bic": 63886.20894050143,
  "k": 7,
  "learns": true,
  "grid_deg": 360,
  "start_spread": 0.0,
  "params": {
    "k_motor": 2.625218667050582,
    "p_random": 0.3362326777921126,
    "lam": 0.006205864525721869,
    "alpha": 0.7422106284431834,
    "k_like": {
      "0.06": 0.9862783133273408,
      "0.12": 10.315652807450835,
      "0.24": 106.3799111179732
    }
  },
  "theta": [
    -0.013816699170911629,
    2.333662431719001,
    4.667016753799376,
    1.057490206531779,
    0.9651641943077454,
    -0.6801282559747844,
    -5.0760353418149045
  ],
  "convergence": {
    "converged": true,
    "n_iter": 343,
    "n_feval": 559,
    "hit_maxiter": false,
    "status": 0,
    "message": "Optimization terminated successfully."
  },
  "maxiter": 400,
  "seconds": 5627.4
}