{
  "model": "recombined",
  "label": "Recombined",
  "subject": 3,
  "n_trials": 9412,
  "nll": 43054.80880898286,
  "aic": 86123.61761796572,
  "bic": 86173.66580321465,
  "k": 7,
  "learns": true,
  "grid_deg": 360,
  "start_spread": 0.0,
  "params": {
    "k_motor": 21.592001863704475,
    "p_random": 0.0728654323717256,
    "lam": 0.01224538815468703,
    "alpha": 0.6177962072806241,
    "k_like": {
      "0.06": 0.9932900884927974,
      "0.12": 14.235214819578324,
      "0.24": 305.4481608752985
    }
  },
  "theta": [
    -0.00673252417284051,
    2.655718811559465,
    5.7217800780440875,
    0.4802046862463153,
    3.0723229620302828,
    -2.5434843718360245,
    -4.390284909384657
  ],
  "convergence": {
    "converged": true,
    "n_iter": 331,
    "n_feval": 567,
    "hit_maxiter": false,
    "status": 0,
    "message": "Optimization terminated successfully."
  },
  "maxiter": 400,
  "seconds": 10857.7
}