{
  "model": "recombined",
  "label": "Recombined",
  "subject": 12,
  "n_trials": 6474,
  "nll": 33042.58980349945,
  "aic": 66099.1796069989,
  "bic": 66146.60845304032,
  "k": 7,
  "learns": true,
  "grid_deg": 360,
  "start_spread": 0.0,
  "params": {
    "k_motor": 10.937353896818893,
    "p_random": 0.19554333653735517,
    "lam": 0.02422555346285676,
    "alpha": 0.6192923103723165,
    "k_like": {
      "0.06": 1.0001291810767214,
      "0.12": 3.8976668561939816,
      "0.24": 13.784896348341626
    }
  },
  "theta": [
    0.00012917273356457794,
    1.3603781321159103,
    2.6235735252847507,
    0.4865455293841008,
    2.392183893589384,
    -1.4143850721874525,
    -3.695823455566121
  ],
  "convergence": {
    "converged": true,
    "n_iter": 167,
    "n_feval": 310,
    "hit_maxiter": false,
    "status": 0,
    "message": "Optimization terminated successfully."
  },
  "maxiter": 400,
  "seconds": 1435.4
}