{
  "model": "recombined",
  "label": "Recombined",
  "subject": 2,
  "n_trials": 7877,
  "nll": 36809.95721787235,
  "aic": 73633.9144357447,
  "bic": 73682.71635254261,
  "k": 7,
  "learns": true,
  "grid_deg": 360,
  "start_spread": 0.0,
  "params": {
    "k_motor": 21.66136530711693,
    "p_random": 0.10850609443366434,
    "lam": 0.14527759884668306,
    "alpha": 0.6640298530361298,
    "k_like": {
      "0.06": 0.9996612650634138,
      "0.12": 2.1949641421803627,
      "0.24": 11.642370573163621
    }
  },
  "theta": [
    -0.0003387923202237866,
    0.7861657102571896,
    2.4546510790562044,
    0.6813048001634091,
    3.0755302731558847,
    -2.1060922598245977,
    -1.7721303522500733
  ],
  "convergence": {
    "converged": true,
    "n_iter": 154,
    "n_feval": 298,
    "hit_maxiter": false,
    "status": 0,
    "message": "Optimization terminated successfully."
  },
  "maxiter": 400,
  "seconds": 2053.5
}