{
  "model": "recombined",
  "label": "Recombined",
  "subject": 8,
  "n_trials": 5797,
  "nll": 31083.535149070318,
  "aic": 62181.070298140636,
  "bic": 62227.725968890016,
  "k": 7,
  "learns": true,
  "grid_deg": 360,
  "start_spread": 0.0,
  "params": {
    "k_motor": 4.836649800092733,
    "p_random": 0.2844081773311176,
    "lam": 2.989770897185224e-05,
    "alpha": 0.5357285558491589,
    "k_like": {
      "0.06": 0.9929038497198426,
      "0.12": 6.221119334858996,
      "0.24": 38.85168345698266
    }
  },
  "theta": [
    -0.0071214477017996405,
    1.8279498479335314,
    3.6597514081009086,
    0.1431582170184577,
    1.576222290990907,
    -0.922699473893742,
    -10.417698805362384
  ],
  "convergence": {
    "converged": true,
    "n_iter": 218,
    "n_feval": 373,
    "hit_maxiter": false,
    "status": 0,
    "message": "Optimization terminated successfully."
  },
  "maxiter": 400,
  "seconds": 1590.3
}