{
  "subject": 7,
  "n_trials": 5797,
  "models": [
    "switch",
    "basic_bayes"
  ],
  "directions": {
    "A->B": {
      "train": "A",
      "test": "B",
      "observed": {
        "far_mass_obs": 0.05415162454873647,
        "valley_obs": 0.2,
        "n_far": 277
      },
      "switch": {
        "far_mass_pred": 0.1212310389355813,
        "valley_pred": 0.6461916063677318,
        "n_far": 277,
        "train_nll": 13680.777564397076,
        "params": {
          "k_like": {
            "0.06": 0.9766831755518903,
            "0.12": 8.529677168990782,
            "0.24": 3066.8746547611313
          },
          "k_prior": {
            "80": 0.20491456340553119,
            "40": 0.6393790970924853,
            "20": 8.356500648767353,
            "10": 749.9105951464079
          },
          "k_motor": 17.9788954921865,
          "p_random": 0.017521161672177384,
          "prior_mean": 225.0,
          "k_cardinal": 0.0
        }
      },
      "basic_bayes": {
        "far_mass_pred": 0.05859715639880221,
        "valley_pred": 0.12409738464441288,
        "n_far": 277,
        "train_nll": 13656.486392967827,
        "params": {
          "k_like": {
            "0.06": 0.9981744882091189,
            "0.12": 6.445142287610745,
            "0.24": 27.750989358053967
          },
          "k_prior": {
            "80": 0.5927383815223906,
            "40": 0.9655320290197449,
            "20": 2.47388260575659,
            "10": 36.867211394558005
          },
          "k_motor": 26.985612495420636,
          "p_random": 0.04008685574588413,
          "prior_mean": 225.0,
          "k_cardinal": 0.0
        }
      }
    },
    "B->A": {
      "train": "B",
      "test": "A",
      "observed": {
        "far_mass_obs": 0.06690140845070422,
        "valley_obs": 0.42857142857142855,
        "n_far": 284
      },
      "switch": {
        "far_mass_pred": 0.10377646586723976,
        "valley_pred": 0.6041644929304641,
        "n_far": 284,
        "train_nll": 13553.16021763991,
        "params": {
          "k_like": {
            "0.06": 0.9892218857347388,
            "0.12": 8.849568259698348,
            "0.24": 6998.576914273105
          },
          "k_prior": {
            "80": 0.16120883732927477,
            "40": 0.0014317984730759618,
            "20": 8.554407756066954,
            "10": 2770.1633182873434
          },
          "k_motor": 20.02076174016679,
          "p_random": 0.017815967538696374,
          "prior_mean": 225.0,
          "k_cardinal": 0.0
        }
      },
      "basic_bayes": {
        "far_mass_pred": 0.05033213966471528,
        "valley_pred": 0.1071979765476362,
        "n_far": 284,
        "train_nll": 13507.851074621194,
        "params": {
          "k_like": {
            "0.06": 0.9992757862633318,
            "0.12": 6.75009144955167,
            "0.24": 62.67139414337491
          },
          "k_prior": {
            "80": 0.39527087417088813,
            "40": 0.7769919878299516,
            "20": 5.370596122054603,
            "10": 47.97968405634884
          },
          "k_motor": 24.1545538743112,
          "p_random": 0.03580692560487875,
          "prior_mean": 225.0,
          "k_cardinal": 0.0
        }
      }
    }
  },
  "seconds": 97.5
}