{
  "subject": 1,
  "n_trials": 8562,
  "models": [
    "switch",
    "basic_bayes"
  ],
  "directions": {
    "A->B": {
      "train": "A",
      "test": "B",
      "observed": {
        "far_mass_obs": 0.07179487179487179,
        "valley_obs": 0.5333333333333333,
        "n_far": 390
      },
      "switch": {
        "far_mass_pred": 0.16229868578605933,
        "valley_pred": 0.8132530161166834,
        "n_far": 390,
        "train_nll": 19524.027480616853,
        "params": {
          "k_like": {
            "0.06": 0.9938204407586904,
            "0.12": 12.91027391228142,
            "0.24": 99.20612171434453
          },
          "k_prior": {
            "80": 0.3100771673300812,
            "40": 0.5489976801178682,
            "20": 3.4388803813741715,
            "10": 28.95174401175574
          },
          "k_motor": 27.834298994402307,
          "p_random": 0.0024190977927325253,
          "prior_mean": 225.0,
          "k_cardinal": 0.0
        }
      },
      "basic_bayes": {
        "far_mass_pred": 0.06146865898749724,
        "valley_pred": 0.129247674805477,
        "n_far": 390,
        "train_nll": 19395.8936865663,
        "params": {
          "k_like": {
            "0.06": 0.9927978362402368,
            "0.12": 9.772166496837922,
            "0.24": 191.90588291107568
          },
          "k_prior": {
            "80": 0.639726610620471,
            "40": 1.0697665539937204,
            "20": 2.1169366014846185,
            "10": 29.657001144442887
          },
          "k_motor": 27.89863536847338,
          "p_random": 0.01267445004248609,
          "prior_mean": 225.0,
          "k_cardinal": 0.0
        }
      }
    },
    "B->A": {
      "train": "B",
      "test": "A",
      "observed": {
        "far_mass_obs": 0.09595959595959594,
        "valley_obs": 0.75,
        "n_far": 396
      },
      "switch": {
        "far_mass_pred": 0.13004116437922067,
        "valley_pred": 0.769817026294116,
        "n_far": 396,
        "train_nll": 19402.042284422823,
        "params": {
          "k_like": {
            "0.06": 0.9868359156285659,
            "0.12": 15.040157828627324,
            "0.24": 68.9352132374548
          },
          "k_prior": {
            "80": 0.2221341100930571,
            "40": 0.42933475353191086,
            "20": 2.3392809092932434,
            "10": 27.546966902473006
          },
          "k_motor": 29.508278282537734,
          "p_random": 0.006650718981079795,
          "prior_mean": 225.0,
          "k_cardinal": 0.0
        }
      },
      "basic_bayes": {
        "far_mass_pred": 0.05659681164770632,
        "valley_pred": 0.12247327843878197,
        "n_far": 396,
        "train_nll": 19258.24788335916,
        "params": {
          "k_like": {
            "0.06": 1.0001478093490335,
            "0.12": 7.214038399016736,
            "0.24": 27.62491894130228
          },
          "k_prior": {
            "80": 0.6077493662841377,
            "40": 1.0903180462920492,
            "20": 1.7587556798752904,
            "10": 10.07218616060362
          },
          "k_motor": 43.4743258194935,
          "p_random": 0.025230100217414668,
          "prior_mean": 225.0,
          "k_cardinal": 0.0
        }
      }
    }
  },
  "seconds": 97.5
}