{
  "subject": 8,
  "n_trials": 5797,
  "models": [
    "switch",
    "basic_bayes"
  ],
  "directions": {
    "A->B": {
      "train": "A",
      "test": "B",
      "observed": {
        "far_mass_obs": 0.10507246376811596,
        "valley_obs": 0.4,
        "n_far": 276
      },
      "switch": {
        "far_mass_pred": 0.17464716628660398,
        "valley_pred": 0.4317699784367541,
        "n_far": 276,
        "train_nll": 15462.58955019745,
        "params": {
          "k_like": {
            "0.06": 1.0027179717695516,
            "0.12": 2.8578327150041547,
            "0.24": 120.75298289911407
          },
          "k_prior": {
            "80": 0.5464166578701021,
            "40": 1.4754651233203513,
            "20": 2.911894211078104,
            "10": 10.127488662217296
          },
          "k_motor": 6.043851200821395,
          "p_random": 0.15902227886274442,
          "prior_mean": 225.0,
          "k_cardinal": 0.0
        }
      },
      "basic_bayes": {
        "far_mass_pred": 0.0791101299860918,
        "valley_pred": 0.09082885376650925,
        "n_far": 276,
        "train_nll": 15521.245848688324,
        "params": {
          "k_like": {
            "0.06": 0.999816911301399,
            "0.12": 3.012992800444729,
            "0.24": 79.18157104901805
          },
          "k_prior": {
            "80": 0.5431714852927936,
            "40": 1.6630418183280082,
            "20": 17.988777933960886,
            "10": 4.748379271185887
          },
          "k_motor": 5.4972623601807005,
          "p_random": 0.24510432618590156,
          "prior_mean": 225.0,
          "k_cardinal": 0.0
        }
      }
    },
    "B->A": {
      "train": "B",
      "test": "A",
      "observed": {
        "far_mass_obs": 0.14736842105263157,
        "valley_obs": 0.5714285714285714,
        "n_far": 285
      },
      "switch": {
        "far_mass_pred": 0.16296662293810363,
        "valley_pred": 0.4423322397537364,
        "n_far": 285,
        "train_nll": 15486.269734719412,
        "params": {
          "k_like": {
            "0.06": 1.0010439191556952,
            "0.12": 3.1526376115234838,
            "0.24": 414.71691022074157
          },
          "k_prior": {
            "80": 0.5093844748790489,
            "40": 1.3691332225700428,
            "20": 2.9492600995018567,
            "10": 5.118906934710379
          },
          "k_motor": 6.531528767442084,
          "p_random": 0.18269780064505245,
          "prior_mean": 225.0,
          "k_cardinal": 0.0
        }
      },
      "basic_bayes": {
        "far_mass_pred": 0.07854896861881139,
        "valley_pred": 0.09832658598291502,
        "n_far": 285,
        "train_nll": 15527.099950503654,
        "params": {
          "k_like": {
            "0.06": 0.9984671244503877,
            "0.12": 2.840159316929289,
            "0.24": 70.66753753052924
          },
          "k_prior": {
            "80": 0.5816789526094545,
            "40": 2.2045054090143235,
            "20": 20.351998065624514,
            "10": 7.091756210903444
          },
          "k_motor": 5.702665757950168,
          "p_random": 0.2832938405978458,
          "prior_mean": 225.0,
          "k_cardinal": 0.0
        }
      }
    }
  },
  "seconds": 80.7
}