{
  "subject": 5,
  "n_trials": 5789,
  "models": [
    "switch",
    "basic_bayes"
  ],
  "directions": {
    "A->B": {
      "train": "A",
      "test": "B",
      "observed": {
        "far_mass_obs": 0.021505376344086023,
        "valley_obs": 0.21428571428571427,
        "n_far": 279
      },
      "switch": {
        "far_mass_pred": 0.03903609898193615,
        "valley_pred": 0.0830056760087823,
        "n_far": 279,
        "train_nll": 15454.819244583083,
        "params": {
          "k_like": {
            "0.06": 1.3112893241136405,
            "0.12": 1.0507191277819547e+240,
            "0.24": 4.885518612375453e+24
          },
          "k_prior": {
            "80": 5.539288767216251e-22,
            "40": 3.6547338259886674e-107,
            "20": 2.0201328997271868e-275,
            "10": 5.781554074534191e-249
          },
          "k_motor": 4.881632607617167,
          "p_random": 0.11949442016744106,
          "prior_mean": 225.0,
          "k_cardinal": 0.0
        }
      },
      "basic_bayes": {
        "far_mass_pred": 0.039019538486317125,
        "valley_pred": 0.08328803644189432,
        "n_far": 279,
        "train_nll": 15454.837228046983,
        "params": {
          "k_like": {
            "0.06": 1.3053123342924506,
            "0.12": 1.0050701995847937e+105,
            "0.24": 1.7827387636765716e+113
          },
          "k_prior": {
            "80": 1.5919845204115632e-25,
            "40": 7.189201895531183e-59,
            "20": 1.647559276168827e-157,
            "10": 0.0
          },
          "k_motor": 4.855670348966055,
          "p_random": 0.11690478771620276,
          "prior_mean": 225.0,
          "k_cardinal": 0.0
        }
      }
    },
    "B->A": {
      "train": "B",
      "test": "A",
      "observed": {
        "far_mass_obs": 0.014184397163120567,
        "valley_obs": 0.14285714285714285,
        "n_far": 282
      },
      "switch": {
        "far_mass_pred": NaN,
        "valley_pred": NaN,
        "n_far": 282,
        "train_nll": 15534.124852699275,
        "params": {
          "k_like": {
            "0.06": 1.104683853264092,
            "0.12": Infinity,
            "0.24": 1.0974570765373152e+208
          },
          "k_prior": {
            "80": 0.0046807592432832916,
            "40": 2.255474067566172e-244,
            "20": 0.0,
            "10": 0.037032033766829224
          },
          "k_motor": 4.978912973670472,
          "p_random": 0.10718204333832755,
          "prior_mean": 225.0,
          "k_cardinal": 0.0
        }
      },
      "basic_bayes": {
        "far_mass_pred": 0.04268527679782829,
        "valley_pred": 0.07936610228862365,
        "n_far": 282,
        "train_nll": 15501.267067072013,
        "params": {
          "k_like": {
            "0.06": 1.0219573011884275,
            "0.12": 3.4407276539104217,
            "0.24": 9.853285040078356
          },
          "k_prior": {
            "80": 0.01799638173587926,
            "40": 0.34127409551877913,
            "20": 3.809748894146602e-10,
            "10": 6.257631037407957e-11
          },
          "k_motor": 56.32408314021068,
          "p_random": 0.10318800037918316,
          "prior_mean": 225.0,
          "k_cardinal": 0.0
        }
      }
    }
  },
  "seconds": 94.9
}