{
  "subject": 12,
  "n_trials": 6474,
  "models": [
    "switch",
    "basic_bayes"
  ],
  "directions": {
    "A->B": {
      "train": "A",
      "test": "B",
      "observed": {
        "far_mass_obs": 0.14501510574018128,
        "valley_obs": 0.5263157894736842,
        "n_far": 331
      },
      "switch": {
        "far_mass_pred": 0.16419809676213837,
        "valley_pred": 0.6162448460077011,
        "n_far": 331,
        "train_nll": 16299.477296568224,
        "params": {
          "k_like": {
            "0.06": 0.9907145198687127,
            "0.12": 1.916756616953092,
            "0.24": 8.908223204445735
          },
          "k_prior": {
            "80": 0.2656121625230204,
            "40": 0.8385500620474305,
            "20": 4.503969269461303,
            "10": 1983072.6954890846
          },
          "k_motor": 12.986327549405095,
          "p_random": 0.02534923306151348,
          "prior_mean": 225.0,
          "k_cardinal": 0.0
        }
      },
      "basic_bayes": {
        "far_mass_pred": 0.06218015375590259,
        "valley_pred": 0.09485403100702663,
        "n_far": 331,
        "train_nll": 16395.443883579977,
        "params": {
          "k_like": {
            "0.06": 0.9995925964979213,
            "0.12": 1.7127035785836418,
            "0.24": 7.466982698666372
          },
          "k_prior": {
            "80": 0.3119147115264478,
            "40": 0.842364721741098,
            "20": 4.053936538155195,
            "10": 16.60669666887178
          },
          "k_motor": 14.434900696083892,
          "p_random": 0.07878072741635468,
          "prior_mean": 225.0,
          "k_cardinal": 0.0
        }
      }
    },
    "B->A": {
      "train": "B",
      "test": "A",
      "observed": {
        "far_mass_obs": 0.15249266862170086,
        "valley_obs": 0.6842105263157895,
        "n_far": 341
      },
      "switch": {
        "far_mass_pred": 0.2190038043251088,
        "valley_pred": 0.6253441640848143,
        "n_far": 341,
        "train_nll": 16291.617332339845,
        "params": {
          "k_like": {
            "0.06": 1.0014445662384126,
            "0.12": 1.9666502917133675,
            "0.24": 11.20468225731834
          },
          "k_prior": {
            "80": 0.4405868974485156,
            "40": 1.199195650462721,
            "20": 3.7287081027415296,
            "10": 59.65117433184701
          },
          "k_motor": 12.84404105201881,
          "p_random": 0.0321923753400997,
          "prior_mean": 225.0,
          "k_cardinal": 0.0
        }
      },
      "basic_bayes": {
        "far_mass_pred": 0.06932981934107878,
        "valley_pred": 0.10326909223369168,
        "n_far": 341,
        "train_nll": 16408.111663591677,
        "params": {
          "k_like": {
            "0.06": 1.0039377251036052,
            "0.12": 1.7686904778352976,
            "0.24": 10.043607043793394
          },
          "k_prior": {
            "80": 0.4395688693131634,
            "40": 0.8337580109598882,
            "20": 2.9619033244332744,
            "10": 33.379001454422884
          },
          "k_motor": 14.03761844043471,
          "p_random": 0.08334783534641704,
          "prior_mean": 225.0,
          "k_cardinal": 0.0
        }
      }
    }
  },
  "seconds": 98.4
}