{
  "subject": 3,
  "n_trials": 9412,
  "models": [
    "switch",
    "basic_bayes"
  ],
  "directions": {
    "A->B": {
      "train": "A",
      "test": "B",
      "observed": {
        "far_mass_obs": 0.07434052757793765,
        "valley_obs": 0.4117647058823529,
        "n_far": 417
      },
      "switch": {
        "far_mass_pred": 0.1954943560286081,
        "valley_pred": 0.869829238715049,
        "n_far": 417,
        "train_nll": 20962.09885206564,
        "params": {
          "k_like": {
            "0.06": 0.9881472298046342,
            "0.12": 13.674840116009578,
            "0.24": 4272.48522446086
          },
          "k_prior": {
            "80": 0.44164190677376,
            "40": 1.3970247443001051,
            "20": 5.914893014313834,
            "10": 146.06816937928627
          },
          "k_motor": 28.013773653502884,
          "p_random": 0.004874254043980111,
          "prior_mean": 225.0,
          "k_cardinal": 0.0
        }
      },
      "basic_bayes": {
        "far_mass_pred": 0.05490416035724963,
        "valley_pred": 0.11920530002232219,
        "n_far": 417,
        "train_nll": 21116.984044039153,
        "params": {
          "k_like": {
            "0.06": 0.9976050108633389,
            "0.12": 8.498511119280533,
            "0.24": 80.47905698699044
          },
          "k_prior": {
            "80": 0.59038821028904,
            "40": 1.072112287706096,
            "20": 2.818931479670327,
            "10": 16.379543705485066
          },
          "k_motor": 34.74434484617212,
          "p_random": 0.007148532138242455,
          "prior_mean": 225.0,
          "k_cardinal": 0.0
        }
      }
    },
    "B->A": {
      "train": "B",
      "test": "A",
      "observed": {
        "far_mass_obs": 0.09330143540669855,
        "valley_obs": 0.7142857142857143,
        "n_far": 418
      },
      "switch": {
        "far_mass_pred": 0.15735157672526937,
        "valley_pred": 0.7951180779364188,
        "n_far": 418,
        "train_nll": 21085.44797167678,
        "params": {
          "k_like": {
            "0.06": 0.9736583444165947,
            "0.12": 11.635617858784691,
            "0.24": 9128.801298630213
          },
          "k_prior": {
            "80": 0.2852155667506699,
            "40": 1.1133819090785404,
            "20": 8.845871378764853,
            "10": 104.44317945238026
          },
          "k_motor": 26.620240085171833,
          "p_random": 0.005185112633208079,
          "prior_mean": 225.0,
          "k_cardinal": 0.0
        }
      },
      "basic_bayes": {
        "far_mass_pred": 0.0522973026004628,
        "valley_pred": 0.10972086104103955,
        "n_far": 418,
        "train_nll": 21111.13657104442,
        "params": {
          "k_like": {
            "0.06": 0.9777234434794505,
            "0.12": 6.85316812770191,
            "0.24": 757.2036305419542
          },
          "k_prior": {
            "80": 0.3780974297381659,
            "40": 0.994346695621443,
            "20": 3.6065456280183676,
            "10": 17.419811803122226
          },
          "k_motor": 29.13602629389558,
          "p_random": 0.01061566277525548,
          "prior_mean": 225.0,
          "k_cardinal": 0.0
        }
      }
    }
  },
  "seconds": 102.1
}