{
  "subject": 10,
  "n_trials": 6045,
  "models": [
    "switch",
    "basic_bayes"
  ],
  "directions": {
    "A->B": {
      "train": "A",
      "test": "B",
      "observed": {
        "far_mass_obs": 0.04651162790697674,
        "valley_obs": 0.2631578947368421,
        "n_far": 301
      },
      "switch": {
        "far_mass_pred": 0.06760414752484759,
        "valley_pred": 0.08482449482529138,
        "n_far": 301,
        "train_nll": 15497.89701028663,
        "params": {
          "k_like": {
            "0.06": 0.9542809606298336,
            "0.12": 1.6967269781108265,
            "0.24": 14.3967314968869
          },
          "k_prior": {
            "80": 0.027436781621867537,
            "40": 1.1841233705529202,
            "20": 14.15310453374328,
            "10": 1338294647.04908
          },
          "k_motor": 13.448286676310858,
          "p_random": 0.12370083413686014,
          "prior_mean": 225.0,
          "k_cardinal": 0.0
        }
      },
      "basic_bayes": {
        "far_mass_pred": 0.06023100816012336,
        "valley_pred": 0.07748318189856476,
        "n_far": 301,
        "train_nll": 15521.611802620542,
        "params": {
          "k_like": {
            "0.06": 0.9990398518418503,
            "0.12": 1.599965857792376,
            "0.24": 11.891370148186684
          },
          "k_prior": {
            "80": 0.17133206862958184,
            "40": 0.8876625832077414,
            "20": 5.894924194604848,
            "10": 12.42495382010052
          },
          "k_motor": 15.751542369242264,
          "p_random": 0.14243866116333415,
          "prior_mean": 225.0,
          "k_cardinal": 0.0
        }
      }
    },
    "B->A": {
      "train": "B",
      "test": "A",
      "observed": {
        "far_mass_obs": 0.06666666666666667,
        "valley_obs": 0.2222222222222222,
        "n_far": 315
      },
      "switch": {
        "far_mass_pred": 0.07555643387442457,
        "valley_pred": 0.1871133867747319,
        "n_far": 315,
        "train_nll": 15421.728141482048,
        "params": {
          "k_like": {
            "0.06": 0.9485034724603052,
            "0.12": 2.7653465804272837,
            "0.24": 4484.121750981538
          },
          "k_prior": {
            "80": 0.06416978839483968,
            "40": 1.275445022044581,
            "20": 5090.976559363554,
            "10": 102.34622861761478
          },
          "k_motor": 12.108945053733462,
          "p_random": 0.1460153004222823,
          "prior_mean": 225.0,
          "k_cardinal": 0.0
        }
      },
      "basic_bayes": {
        "far_mass_pred": 0.055167848771746804,
        "valley_pred": 0.07557227708143278,
        "n_far": 315,
        "train_nll": 15454.54646111954,
        "params": {
          "k_like": {
            "0.06": 0.9878959506610052,
            "0.12": 3.2197070991070804,
            "0.24": 31.247463329554755
          },
          "k_prior": {
            "80": 0.24302890223134982,
            "40": 0.9222854484553799,
            "20": 32.421469153454,
            "10": 40.739200090575125
          },
          "k_motor": 14.456948700655087,
          "p_random": 0.1860371804953142,
          "prior_mean": 225.0,
          "k_cardinal": 0.0
        }
      }
    }
  },
  "seconds": 102.0
}