{
  "subject": 11,
  "n_trials": 6474,
  "models": [
    "switch",
    "basic_bayes"
  ],
  "directions": {
    "A->B": {
      "train": "A",
      "test": "B",
      "observed": {
        "far_mass_obs": 0.1107871720116618,
        "valley_obs": 0.6842105263157895,
        "n_far": 343
      },
      "switch": {
        "far_mass_pred": 0.13781568897098964,
        "valley_pred": 0.6918849080111298,
        "n_far": 343,
        "train_nll": 15611.978101921763,
        "params": {
          "k_like": {
            "0.06": 0.9825576448356785,
            "0.12": 5.396234762788515,
            "0.24": 11296.240609118553
          },
          "k_prior": {
            "80": 0.2563323976716552,
            "40": 0.3500929642773902,
            "20": 5.98929341313265,
            "10": 4242.259241492304
          },
          "k_motor": 16.12109538831131,
          "p_random": 0.026151984649132327,
          "prior_mean": 225.0,
          "k_cardinal": 0.0
        }
      },
      "basic_bayes": {
        "far_mass_pred": 0.043291386237844974,
        "valley_pred": 0.0868438801433618,
        "n_far": 343,
        "train_nll": 15722.319484029817,
        "params": {
          "k_like": {
            "0.06": 0.9814704868612629,
            "0.12": 5.423295910737449,
            "0.24": 959.6898833509705
          },
          "k_prior": {
            "80": 0.2203136935325962,
            "40": 0.6099999730284336,
            "20": 4.775840208252828,
            "10": 9.692550945942465
          },
          "k_motor": 15.267177220389021,
          "p_random": 0.02576905100345764,
          "prior_mean": 225.0,
          "k_cardinal": 0.0
        }
      }
    },
    "B->A": {
      "train": "B",
      "test": "A",
      "observed": {
        "far_mass_obs": 0.11246200607902734,
        "valley_obs": 0.5789473684210527,
        "n_far": 329
      },
      "switch": {
        "far_mass_pred": 0.1214143946822076,
        "valley_pred": 0.6312185824727861,
        "n_far": 329,
        "train_nll": 15717.431750599882,
        "params": {
          "k_like": {
            "0.06": 0.982114002291725,
            "0.12": 4.417307019157249,
            "0.24": 647.7798928893131
          },
          "k_prior": {
            "80": 0.19329779071772255,
            "40": 0.39774927909677305,
            "20": 3.7237898030494065,
            "10": 37.19982174434497
          },
          "k_motor": 16.554937955889574,
          "p_random": 0.01923861328411578,
          "prior_mean": 225.0,
          "k_cardinal": 0.0
        }
      },
      "basic_bayes": {
        "far_mass_pred": 0.03937535828054513,
        "valley_pred": 0.07787511175493181,
        "n_far": 329,
        "train_nll": 15809.230641496075,
        "params": {
          "k_like": {
            "0.06": 0.9864479989467003,
            "0.12": 4.086176476267082,
            "0.24": 862.949016552465
          },
          "k_prior": {
            "80": 0.030139584019558994,
            "40": 6.212782678484287e-05,
            "20": 2.66202675108844,
            "10": 143.90618698039054
          },
          "k_motor": 16.10618005699383,
          "p_random": 0.03784807257489856,
          "prior_mean": 225.0,
          "k_cardinal": 0.0
        }
      }
    }
  },
  "seconds": 106.9
}