{
  "subject": 4,
  "n_trials": 4801,
  "models": [
    "switch",
    "basic_bayes"
  ],
  "directions": {
    "A->B": {
      "train": "A",
      "test": "B",
      "observed": {
        "far_mass_obs": 0.140625,
        "valley_obs": 0.5454545454545454,
        "n_far": 192
      },
      "switch": {
        "far_mass_pred": 0.22926885307675057,
        "valley_pred": 0.7383063859830421,
        "n_far": 192,
        "train_nll": 11507.334112528892,
        "params": {
          "k_like": {
            "0.06": 0.9942346179453119,
            "0.12": 5.807588373130087,
            "0.24": 52.213917859791
          },
          "k_prior": {
            "80": 0.6064797115852538,
            "40": 1.2978833623129193,
            "20": 11.429326627412388,
            "10": 304.6924801642291
          },
          "k_motor": 14.352902292774901,
          "p_random": 0.026944268321069803,
          "prior_mean": 225.0,
          "k_cardinal": 0.0
        }
      },
      "basic_bayes": {
        "far_mass_pred": 0.07641739328220763,
        "valley_pred": 0.14108731458974405,
        "n_far": 192,
        "train_nll": 11583.814070286753,
        "params": {
          "k_like": {
            "0.06": 1.0012967969477506,
            "0.12": 2.399971056800247,
            "0.24": 55.763161025315625
          },
          "k_prior": {
            "80": 0.5893372545198914,
            "40": 0.9264233716854618,
            "20": 4.454708998013663,
            "10": 71.08824850081777
          },
          "k_motor": 15.807508367984102,
          "p_random": 0.027111785069608416,
          "prior_mean": 225.0,
          "k_cardinal": 0.0
        }
      }
    },
    "B->A": {
      "train": "B",
      "test": "A",
      "observed": {
        "far_mass_obs": 0.15625000000000003,
        "valley_obs": 0.8,
        "n_far": 192
      },
      "switch": {
        "far_mass_pred": 0.17290370629190185,
        "valley_pred": 0.6304483033418168,
        "n_far": 192,
        "train_nll": 11583.78843846387,
        "params": {
          "k_like": {
            "0.06": 0.9973924092891974,
            "0.12": 3.8712666445833555,
            "0.24": 36.85802083596115
          },
          "k_prior": {
            "80": 0.3691278456539133,
            "40": 0.8749239473610443,
            "20": 14.295033859639723,
            "10": 54.20990604259503
          },
          "k_motor": 14.120326718922973,
          "p_random": 0.01579279436578026,
          "prior_mean": 225.0,
          "k_cardinal": 0.0
        }
      },
      "basic_bayes": {
        "far_mass_pred": 0.06591504184038897,
        "valley_pred": 0.15538444144009636,
        "n_far": 192,
        "train_nll": 11598.03633834554,
        "params": {
          "k_like": {
            "0.06": 0.9996850414054085,
            "0.12": 2.84064733748892,
            "0.24": 22.408864740841363
          },
          "k_prior": {
            "80": 0.5196574075414375,
            "40": 0.9125694447367022,
            "20": 3.4576497445882017,
            "10": 26.206624319236425
          },
          "k_motor": 17.825300851863762,
          "p_random": 0.017282984147462467,
          "prior_mean": 225.0,
          "k_cardinal": 0.0
        }
      }
    }
  },
  "seconds": 83.4
}