{
  "subject": 2,
  "n_trials": 7877,
  "models": [
    "switch",
    "basic_bayes"
  ],
  "directions": {
    "A->B": {
      "train": "A",
      "test": "B",
      "observed": {
        "far_mass_obs": 0.3818770226537217,
        "valley_obs": 0.6153846153846154,
        "n_far": 309
      },
      "switch": {
        "far_mass_pred": 0.4466940134229353,
        "valley_pred": 0.5819128269507948,
        "n_far": 309,
        "train_nll": 18087.23782154798,
        "params": {
          "k_like": {
            "0.06": 0.9973602318968334,
            "0.12": 1.6624718411158417,
            "0.24": 15.963873356999207
          },
          "k_prior": {
            "80": 1.20985950898198,
            "40": 2.5211300486924633,
            "20": 27.460527959761368,
            "10": 8322.686416244698
          },
          "k_motor": 21.590201102678048,
          "p_random": 0.009017946797606402,
          "prior_mean": 225.0,
          "k_cardinal": 0.0
        }
      },
      "basic_bayes": {
        "far_mass_pred": 0.10865898715143876,
        "valley_pred": 0.1548396633703633,
        "n_far": 309,
        "train_nll": 18410.995267327486,
        "params": {
          "k_like": {
            "0.06": 1.0018050274253854,
            "0.12": 1.2406692230943788,
            "0.24": 15.97049235460338
          },
          "k_prior": {
            "80": 0.8072297637979139,
            "40": 1.6272295628875475,
            "20": 19.997924354233575,
            "10": 48.872389478963996
          },
          "k_motor": 19.290722431643815,
          "p_random": 0.011783555233277575,
          "prior_mean": 225.0,
          "k_cardinal": 0.0
        }
      }
    },
    "B->A": {
      "train": "B",
      "test": "A",
      "observed": {
        "far_mass_obs": 0.3426791277258567,
        "valley_obs": 0.7692307692307693,
        "n_far": 321
      },
      "switch": {
        "far_mass_pred": 0.44046821640662026,
        "valley_pred": 0.6179959344871289,
        "n_far": 321,
        "train_nll": 18159.438181501067,
        "params": {
          "k_like": {
            "0.06": 1.000829051180658,
            "0.12": 1.7327665142755673,
            "0.24": 15.710640673377807
          },
          "k_prior": {
            "80": 1.0720164024629393,
            "40": 2.172019289159989,
            "20": 10.028042212969476,
            "10": 480.0592147036514
          },
          "k_motor": 27.260149485043538,
          "p_random": 0.015507214863227944,
          "prior_mean": 225.0,
          "k_cardinal": 0.0
        }
      },
      "basic_bayes": {
        "far_mass_pred": 0.10331407289224255,
        "valley_pred": 0.15304276495757754,
        "n_far": 321,
        "train_nll": 18423.03260825936,
        "params": {
          "k_like": {
            "0.06": 1.0038848436805494,
            "0.12": 1.260499529672182,
            "0.24": 9.965619868699697
          },
          "k_prior": {
            "80": 0.7433498606037565,
            "40": 1.2775171142757864,
            "20": 3.5747330454360413,
            "10": 83.77946428197194
          },
          "k_motor": 31.36521980759903,
          "p_random": 0.011109055833347602,
          "prior_mean": 225.0,
          "k_cardinal": 0.0
        }
      }
    }
  },
  "seconds": 82.0
}