{
  "subject": 9,
  "n_trials": 8632,
  "models": [
    "switch",
    "basic_bayes"
  ],
  "directions": {
    "A->B": {
      "train": "A",
      "test": "B",
      "observed": {
        "far_mass_obs": 0.08583690987124465,
        "valley_obs": 0.5263157894736842,
        "n_far": 466
      },
      "switch": {
        "far_mass_pred": 0.19436813559131794,
        "valley_pred": 0.7698272319620547,
        "n_far": 466,
        "train_nll": 21086.152880796122,
        "params": {
          "k_like": {
            "0.06": 0.9966086653791189,
            "0.12": 6.263560462916581,
            "0.24": 304.38565434087275
          },
          "k_prior": {
            "80": 0.5467732579512914,
            "40": 0.22537908946733487,
            "20": 6.144295732560026,
            "10": 9.117598105403054
          },
          "k_motor": 11.991500678906219,
          "p_random": 0.012494221516768541,
          "prior_mean": 225.0,
          "k_cardinal": 0.0
        }
      },
      "basic_bayes": {
        "far_mass_pred": 0.05478828027184409,
        "valley_pred": 0.10473438055894785,
        "n_far": 466,
        "train_nll": 21098.437598133132,
        "params": {
          "k_like": {
            "0.06": 1.0007589049815016,
            "0.12": 5.1273631686266565,
            "0.24": 306.47512699469155
          },
          "k_prior": {
            "80": 0.5044516343324336,
            "40": 0.3641699386752954,
            "20": 2.484016568076772,
            "10": 24.67319417642185
          },
          "k_motor": 12.545902959488378,
          "p_random": 0.03860063415644308,
          "prior_mean": 225.0,
          "k_cardinal": 0.0
        }
      }
    },
    "B->A": {
      "train": "B",
      "test": "A",
      "observed": {
        "far_mass_obs": 0.07906976744186048,
        "valley_obs": 0.5789473684210527,
        "n_far": 430
      },
      "switch": {
        "far_mass_pred": 0.13292235470483707,
        "valley_pred": 0.6215698192857415,
        "n_far": 430,
        "train_nll": 21225.862189235715,
        "params": {
          "k_like": {
            "0.06": 0.9927716483040133,
            "0.12": 7.249762274599694,
            "0.24": 2248.9357988553356
          },
          "k_prior": {
            "80": 0.2904532736909168,
            "40": 0.5888937987684187,
            "20": 9.133809118911643,
            "10": 12.370310132645752
          },
          "k_motor": 10.9296457553246,
          "p_random": 0.03323567714457822,
          "prior_mean": 225.0,
          "k_cardinal": 0.0
        }
      },
      "basic_bayes": {
        "far_mass_pred": 0.05855486497255912,
        "valley_pred": 0.10216737066763378,
        "n_far": 430,
        "train_nll": 21235.166985596887,
        "params": {
          "k_like": {
            "0.06": 0.9990029281154807,
            "0.12": 5.669271878928041,
            "0.24": 150.96358035747497
          },
          "k_prior": {
            "80": 0.5373326335112253,
            "40": 0.5148743591225661,
            "20": 2.453283351645377,
            "10": 152.3214172080782
          },
          "k_motor": 12.078958268476377,
          "p_random": 0.05660266590975308,
          "prior_mean": 225.0,
          "k_cardinal": 0.0
        }
      }
    }
  },
  "seconds": 106.1
}