{
  "subject": 6,
  "n_trials": 7553,
  "models": [
    "switch",
    "basic_bayes"
  ],
  "directions": {
    "A->B": {
      "train": "A",
      "test": "B",
      "observed": {
        "far_mass_obs": 0.03316326530612245,
        "valley_obs": 0.2631578947368421,
        "n_far": 392
      },
      "switch": {
        "far_mass_pred": 0.05502557520010111,
        "valley_pred": 0.09109286629012035,
        "n_far": 392,
        "train_nll": 18831.690680677293,
        "params": {
          "k_like": {
            "0.06": 0.9030463585847324,
            "0.12": 5.696542065420908,
            "0.24": 115354843965.29922
          },
          "k_prior": {
            "80": 0.03349604263924661,
            "40": 0.7529613063602942,
            "20": 5.916737767855261,
            "10": 15.617737269378363
          },
          "k_motor": 9.271622202076918,
          "p_random": 0.032476220894895456,
          "prior_mean": 225.0,
          "k_cardinal": 0.0
        }
      },
      "basic_bayes": {
        "far_mass_pred": 0.0577419729094242,
        "valley_pred": 0.09508336547426388,
        "n_far": 392,
        "train_nll": 18891.59660363053,
        "params": {
          "k_like": {
            "0.06": 1.0065068076954389,
            "0.12": 6.0791391799583465,
            "0.24": 115.23202964589021
          },
          "k_prior": {
            "80": 0.469330447723672,
            "40": 0.9148050230142403,
            "20": 2.2072094970263243,
            "10": 61.51585996699722
          },
          "k_motor": 9.723657316188294,
          "p_random": 0.0712182498999833,
          "prior_mean": 225.0,
          "k_cardinal": 0.0
        }
      }
    },
    "B->A": {
      "train": "B",
      "test": "A",
      "observed": {
        "far_mass_obs": 0.04336734693877551,
        "valley_obs": 0.3157894736842105,
        "n_far": 392
      },
      "switch": {
        "far_mass_pred": 0.04183034433527621,
        "valley_pred": 0.06692734039022903,
        "n_far": 392,
        "train_nll": 18827.782024320237,
        "params": {
          "k_like": {
            "0.06": 1.00702877479518,
            "0.12": 3.484063517325033,
            "0.24": 57539.196803575695
          },
          "k_prior": {
            "80": 0.01188673348975308,
            "40": 2.851045580907242e-05,
            "20": 3.8194814471796694,
            "10": 8.606830906258923
          },
          "k_motor": 12.423035715348547,
          "p_random": 0.020995903439601515,
          "prior_mean": 225.0,
          "k_cardinal": 0.0
        }
      },
      "basic_bayes": {
        "far_mass_pred": 0.04916783161217658,
        "valley_pred": 0.10020341536329994,
        "n_far": 392,
        "train_nll": 18819.944375259158,
        "params": {
          "k_like": {
            "0.06": 1.0144400555610844,
            "0.12": 3.2381127757214982,
            "0.24": 197.75295055323267
          },
          "k_prior": {
            "80": 0.32042275926246333,
            "40": 0.3989025438871961,
            "20": 2.9630917651853896,
            "10": 3.6055381738018637
          },
          "k_motor": 13.734283654742237,
          "p_random": 0.04138604235289411,
          "prior_mean": 225.0,
          "k_cardinal": 0.0
        }
      }
    }
  },
  "seconds": 100.8
}