{
  "first": {
    "nll": 18145.597239452796,
    "aic": 36309.19447890559,
    "n": 3938,
    "k_prior": {
      "80": 0.8920393530915847,
      "40": 2.770262845711543,
      "20": 9.13295244684168,
      "10": 470.2726416173268
    }
  },
  "last": {
    "nll": 18086.18219381379,
    "aic": 36190.36438762758,
    "n": 3938,
    "k_prior": {
      "80": 1.3964958678675061,
      "40": 2.0654398901301625,
      "20": 25.477563356960353,
      "10": 9973342.887994682
    }
  },
  "seconds": 33.3
}