{
  "first": {
    "nll": 16431.612779198138,
    "aic": 32881.225558396276,
    "n": 3237,
    "k_prior": {
      "80": 0.3464604294386917,
      "40": 0.26884980951484583,
      "20": 2.528508379374219,
      "10": 259.49782224829517
    }
  },
  "last": {
    "nll": 16094.815421199954,
    "aic": 32207.630842399907,
    "n": 3237,
    "k_prior": {
      "80": 0.5302334253486612,
      "40": 2.2916822904275285,
      "20": 21.01542830168645,
      "10": 1601.0666890685231
    }
  },
  "seconds": 33.3
}