{
  "first": {
    "nll": 20722.055031473807,
    "aic": 41462.11006294761,
    "n": 4706,
    "k_prior": {
      "80": 0.44168742530834887,
      "40": 1.7639508534709503,
      "20": 8.234510836452909,
      "10": 58.429321645384164
    }
  },
  "last": {
    "nll": 21291.2155859087,
    "aic": 42600.4311718174,
    "n": 4706,
    "k_prior": {
      "80": 0.24968338956849057,
      "40": 0.9695975318121198,
      "20": 5.761073913145929,
      "10": 250.5355868755278
    }
  },
  "seconds": 36.0
}