{
  "first": {
    "nll": 16106.21847819661,
    "aic": 32230.43695639322,
    "n": 3022,
    "k_prior": {
      "80": 0.04181089395722181,
      "40": 0.23809125132882064,
      "20": 2.574039551547246,
      "10": 11.900661320490636
    }
  },
  "last": {
    "nll": 14596.455866398675,
    "aic": 29210.91173279735,
    "n": 3022,
    "k_prior": {
      "80": 0.09607942396244569,
      "40": 3.6443619269386156,
      "20": 189909.4479477475,
      "10": 28.760844198039752
    }
  },
  "seconds": 30.9
}