{
  "first": {
    "nll": 21376.766495069252,
    "aic": 42771.532990138505,
    "n": 4316,
    "k_prior": {
      "80": 0.5062052855785336,
      "40": 0.24265906182509164,
      "20": 3.018320498138407,
      "10": 8.345641362075694
    }
  },
  "last": {
    "nll": 20914.388718805698,
    "aic": 41846.777437611396,
    "n": 4316,
    "k_prior": {
      "80": 0.4349884994321833,
      "40": 0.5454483047567315,
      "20": 17.79124832749185,
      "10": 23.552900531962184
    }
  },
  "seconds": 35.0
}