{
  "model": "switch",
  "n_subjects": 12,
  "tests": {
    "aic": {
      "W": 29.0,
      "p": 0.4697265625,
      "n": 12
    },
    "kp80": {
      "W": 34.0,
      "p": 0.7333984375,
      "n": 12
    },
    "kp40": {
      "W": 26.0,
      "p": 0.33935546875,
      "n": 12
    },
    "kp20": {
      "W": 19.0,
      "p": 0.12939453125,
      "n": 12
    }
  },
  "paper": {
    "aic": [
      32,
      0.62
    ],
    "kp80": [
      37,
      0.9
    ],
    "kp40": [
      25,
      0.3
    ],
    "kp20": [
      23,
      0.23
    ]
  }
}