{
  "first": {
    "nll": 11965.343711414605,
    "aic": 23948.68742282921,
    "n": 2400,
    "k_prior": {
      "80": 0.5154665976198126,
      "40": 0.7317449269392364,
      "20": 3.922545131355003,
      "10": 59.48145797083445
    }
  },
  "last": {
    "nll": 11086.709634363238,
    "aic": 22191.419268726477,
    "n": 2400,
    "k_prior": {
      "80": 0.44002461683385397,
      "40": 1.3621213743629865,
      "20": 40.830812956734526,
      "10": 118.6637858350862
    }
  },
  "seconds": 27.0
}