{
  "first": {
    "nll": 15907.06934089887,
    "aic": 31832.13868179774,
    "n": 3237,
    "k_prior": {
      "80": 4.443403732472618e-05,
      "40": 1.4307689238842455e-34,
      "20": 2.682986723105477,
      "10": 39.46830335536323
    }
  },
  "last": {
    "nll": 15298.809179301681,
    "aic": 30615.618358603362,
    "n": 3237,
    "k_prior": {
      "80": 0.5030160656936394,
      "40": 1.1932031947680795,
      "20": 7.354382669439936,
      "10": 45.98289261917351
    }
  },
  "seconds": 30.4
}