{
  "first": {
    "nll": 15236.966779943228,
    "aic": 30491.933559886456,
    "n": 2894,
    "k_prior": {
      "80": 0.048270735902739316,
      "40": 0.0037082308554378446,
      "20": 0.1678609027103763,
      "10": 4061499468.445983
    }
  },
  "last": {
    "nll": 15743.209585269195,
    "aic": 31504.41917053839,
    "n": 2894,
    "k_prior": {
      "80": 1.478550432522607e-08,
      "40": 6.92464305559616e-25,
      "20": 1.0684343722450337e-54,
      "10": 1.6963104143740804e-47
    }
  },
  "seconds": 28.1
}