{
  "first": {
    "nll": 19322.621138486247,
    "aic": 38663.242276972494,
    "n": 3776,
    "k_prior": {
      "80": 0.047664692899052986,
      "40": 0.03316412830887483,
      "20": 1.8194210110291833,
      "10": 3.09235620852186
    }
  },
  "last": {
    "nll": 18246.447075884334,
    "aic": 36510.89415176867,
    "n": 3776,
    "k_prior": {
      "80": 0.18469500029442845,
      "40": 1.0451399703158895,
      "20": 20.280782232218904,
      "10": 1.7498603241676976e+25
    }
  },
  "seconds": 32.4
}