{
  "first": {
    "nll": 13545.17638469577,
    "aic": 27108.35276939154,
    "n": 2898,
    "k_prior": {
      "80": 0.379378334882307,
      "40": 0.21550391778937847,
      "20": 11.840782225540762,
      "10": 121.00194218072642
    }
  },
  "last": {
    "nll": 13646.653752626256,
    "aic": 27311.307505252513,
    "n": 2898,
    "k_prior": {
      "80": 0.17405431741748734,
      "40": 0.7416926819851338,
      "20": 5.873071964861022,
      "10": 2732.8052937439666
    }
  },
  "seconds": 29.7
}