{
  "first": {
    "nll": 19226.286247420827,
    "aic": 38470.572494841654,
    "n": 4281,
    "k_prior": {
      "80": 0.16853207622482383,
      "40": 0.7885313923591699,
      "20": 4.018094725223784,
      "10": 785.2809693652202
    }
  },
  "last": {
    "nll": 19633.010187031497,
    "aic": 39284.020374062995,
    "n": 4281,
    "k_prior": {
      "80": 0.2966356782506457,
      "40": 1.423337249421889,
      "20": 5.090288078372601,
      "10": 22.72832135313282
    }
  },
  "seconds": 34.5
}