{
  "first": {
    "nll": 14881.851085569737,
    "aic": 29781.702171139474,
    "n": 2898,
    "k_prior": {
      "80": 0.576290144880419,
      "40": 10.38710064544072,
      "20": 21.721419093640637,
      "10": 1103.3024154614764
    }
  },
  "last": {
    "nll": 15870.632463323409,
    "aic": 31759.264926646818,
    "n": 2898,
    "k_prior": {
      "80": 0.39806868743083706,
      "40": 0.5402496019369252,
      "20": 1.0780967999461897,
      "10": 497.18459543318284
    }
  },
  "seconds": 30.2
}