{
  "model": "hb_rachel",
  "label": "HB-Rachel",
  "subject": 2,
  "n_trials": 7877,
  "nll": 36083.800961122026,
  "aic": 72181.60192224405,
  "bic": 72230.40383904197,
  "k": 7,
  "learns": true,
  "grid_deg": 360,
  "start_spread": 75.84454961778101,
  "params": {
    "k_motor": 49.576196152131935,
    "p_random": 0.010824688296251399,
    "lam": 0.3027804691786317,
    "alpha": 0.69261691339685,
    "k_like": {
      "0.06": 0.8039204418444801,
      "0.12": 1.1158706368435478,
      "0.24": 10.983755133828344
    }
  },
  "theta": [
    -0.218254967629086,
    0.10963494043339009,
    2.3964173752299547,
    0.8123822430402772,
    3.9035108022465397,
    -4.515042098824466,
    -0.8340923077278298
  ],
  "convergence": {
    "converged": false,
    "n_iter": 400,
    "n_feval": 604,
    "hit_maxiter": true,
    "status": 2,
    "message": "Maximum number of iterations has been exceeded."
  },
  "maxiter": 400,
  "seconds": 684.9
}