{
  "model": "hb_rachel",
  "label": "HB-Rachel",
  "subject": 10,
  "n_trials": 6045,
  "nll": 31126.247700815762,
  "aic": 62266.495401631524,
  "bic": 62313.44430897287,
  "k": 7,
  "learns": true,
  "grid_deg": 360,
  "start_spread": 0.0,
  "params": {
    "k_motor": 14.567684342652132,
    "p_random": 0.2218417611449044,
    "lam": 0.12309870063162436,
    "alpha": 0.6147584567564436,
    "k_like": {
      "0.06": 0.9989375207930877,
      "0.12": 4.016887019116708,
      "0.24": 24.090973776451627
    }
  },
  "theta": [
    -0.0010630440380612074,
    1.3905072292949558,
    3.181837238244503,
    0.4673589148049477,
    2.6788056743330686,
    -1.2549655552588426,
    -1.9634079648132907
  ],
  "convergence": {
    "converged": true,
    "n_iter": 254,
    "n_feval": 447,
    "hit_maxiter": false,
    "status": 0,
    "message": "Optimization terminated successfully."
  },
  "maxiter": 400,
  "seconds": 64.9
}