{
  "model": "hb_rachel",
  "label": "HB-Rachel",
  "subject": 3,
  "n_trials": 9412,
  "nll": 42265.03612385777,
  "aic": 84544.07224771554,
  "bic": 84594.12043296447,
  "k": 7,
  "learns": true,
  "grid_deg": 360,
  "start_spread": 0.0,
  "params": {
    "k_motor": 37.325986242847094,
    "p_random": 0.007331632419625807,
    "lam": 0.3067262154161509,
    "alpha": 0.46123530040233773,
    "k_like": {
      "0.06": 1.0012404669524118,
      "0.12": 9.543348350279484,
      "0.24": 68.42531349601339
    }
  },
  "theta": [
    0.0012396982089500708,
    2.255844403994237,
    4.225742836516735,
    -0.15537059988128482,
    3.6196897661933054,
    -4.9081984430445775,
    -0.8154694494900692
  ],
  "convergence": {
    "converged": true,
    "n_iter": 208,
    "n_feval": 387,
    "hit_maxiter": false,
    "status": 0,
    "message": "Optimization terminated successfully."
  },
  "maxiter": 400,
  "seconds": 60.2
}