{
  "model": "hb_rachel",
  "label": "HB-Rachel",
  "subject": 11,
  "n_trials": 6474,
  "nll": 31403.718024831032,
  "aic": 62821.436049662065,
  "bic": 62868.86489570347,
  "k": 7,
  "learns": true,
  "grid_deg": 360,
  "start_spread": 171.09261757371132,
  "params": {
    "k_motor": 21.62099855519471,
    "p_random": 0.03509030352802663,
    "lam": 0.2883044966057553,
    "alpha": 0.2539973917329287,
    "k_like": {
      "0.06": 1.8353603128355707,
      "0.12": 4.938933145871235,
      "0.24": 81.80311843679438
    }
  },
  "theta": [
    0.6072408179999662,
    1.5971493455023555,
    4.4043153655812475,
    -1.0774050983363903,
    3.0736649977862456,
    -3.3141096786304756,
    -0.9036329546753035
  ],
  "convergence": {
    "converged": true,
    "n_iter": 240,
    "n_feval": 435,
    "hit_maxiter": false,
    "status": 0,
    "message": "Optimization terminated successfully."
  },
  "maxiter": 400,
  "seconds": 586.5
}