{
  "model": "hb_rachel",
  "label": "HB-Rachel",
  "subject": 12,
  "n_trials": 6474,
  "nll": 32750.010971351505,
  "aic": 65514.02194270301,
  "bic": 65561.45078874442,
  "k": 7,
  "learns": true,
  "grid_deg": 360,
  "start_spread": 44.42842959417612,
  "params": {
    "k_motor": 14.084785074010522,
    "p_random": 0.09082857168857618,
    "lam": 0.2917595599617687,
    "alpha": 0.5710003226351065,
    "k_like": {
      "0.06": 1.0395070322746753,
      "0.12": 2.972973084291248,
      "0.24": 10.8621863456266
    }
  },
  "theta": [
    0.038746593348050404,
    1.0895624905916108,
    2.3852876152035365,
    0.2859336078265145,
    2.6450951420007325,
    -2.3035597641142096,
    -0.8868536023355014
  ],
  "convergence": {
    "converged": true,
    "n_iter": 228,
    "n_feval": 402,
    "hit_maxiter": false,
    "status": 0,
    "message": "Optimization terminated successfully."
  },
  "maxiter": 400,
  "seconds": 555.4
}