{
  "model": "hb_rachel",
  "label": "HB-Rachel",
  "subject": 5,
  "n_trials": 5789,
  "nll": 31082.282891973104,
  "aic": 62178.56578394621,
  "bic": 62225.21178785476,
  "k": 7,
  "learns": true,
  "grid_deg": 360,
  "start_spread": 683.9769807256853,
  "params": {
    "k_motor": 6.10976419083094,
    "p_random": 0.24918092568499692,
    "lam": 0.9999999952659147,
    "alpha": 0.033770233466029455,
    "k_like": {
      "0.06": 2.6988688192723123,
      "0.12": 14.332324649027194,
      "0.24": 3186506654.7972775
    }
  },
  "theta": [
    0.9928327293987023,
    2.66251745122545,
    21.882191061151175,
    -3.353821911695957,
    1.8098881784667145,
    -1.1029854679218807,
    19.16847731976839
  ],
  "convergence": {
    "converged": true,
    "n_iter": 334,
    "n_feval": 580,
    "hit_maxiter": false,
    "status": 0,
    "message": "Optimization terminated successfully."
  },
  "maxiter": 400,
  "seconds": 605.2
}