{
  "model": "hb_rachel",
  "label": "HB-Rachel",
  "subject": 6,
  "n_trials": 7553,
  "nll": 37829.86436379299,
  "aic": 75673.72872758599,
  "bic": 75722.23662838618,
  "k": 7,
  "learns": true,
  "grid_deg": 360,
  "start_spread": 104.47000289696734,
  "params": {
    "k_motor": 9.400687053323853,
    "p_random": 0.05222470030915388,
    "lam": 0.2948726173112432,
    "alpha": 0.430647020891916,
    "k_like": {
      "0.06": 1.6407626054104938,
      "0.12": 6.212337019165556,
      "0.24": 822.1035607841693
    }
  },
  "theta": [
    0.4951611370546585,
    1.8265371567390725,
    6.711866373476003,
    -0.2792118142052787,
    2.2407827773840907,
    -2.898561879546919,
    -0.8718350137953815
  ],
  "convergence": {
    "converged": true,
    "n_iter": 370,
    "n_feval": 619,
    "hit_maxiter": false,
    "status": 0,
    "message": "Optimization terminated successfully."
  },
  "maxiter": 400,
  "seconds": 729.4
}