{
  "model": "hb_rachel",
  "label": "HB-Rachel",
  "subject": 2,
  "n_trials": 7877,
  "nll": 36113.435234141,
  "aic": 72240.870468282,
  "bic": 72289.67238507992,
  "k": 7,
  "learns": true,
  "grid_deg": 360,
  "start_spread": 0.0,
  "params": {
    "k_motor": 52.06941292872313,
    "p_random": 0.014170773445335965,
    "lam": 0.29045565448359956,
    "alpha": 0.6441737770160589,
    "k_like": {
      "0.06": 1.002701702674289,
      "0.12": 1.1914465674488652,
      "0.24": 10.404240110449107
    }
  },
  "theta": [
    0.0026980596357483173,
    0.17516817177465732,
    2.34221342598687,
    0.5935260558026265,
    3.952577692456421,
    -4.242301505870461,
    -0.8931720848771698
  ],
  "convergence": {
    "converged": true,
    "n_iter": 254,
    "n_feval": 460,
    "hit_maxiter": false,
    "status": 0,
    "message": "Optimization terminated successfully."
  },
  "maxiter": 400,
  "seconds": 65.6
}