{
  "model": "hb_rachel",
  "label": "HB-Rachel",
  "subject": 9,
  "n_trials": 8632,
  "nll": 42319.6555873278,
  "aic": 84653.3111746556,
  "bic": 84702.75379520416,
  "k": 7,
  "learns": true,
  "grid_deg": 360,
  "start_spread": 124.21158498512523,
  "params": {
    "k_motor": 12.710837961158335,
    "p_random": 0.035118541489234566,
    "lam": 0.5224429518323516,
    "alpha": 0.4891066757774294,
    "k_like": {
      "0.06": 1.486044984890936,
      "0.12": 6.678823269919709,
      "0.24": 689.0125267961837
    }
  },
  "theta": [
    0.39611821830771277,
    1.8989418148334045,
    6.5352594519749205,
    -0.04358019299308143,
    2.5424550123088734,
    -3.3132760143172,
    0.08983216939517306
  ],
  "convergence": {
    "converged": true,
    "n_iter": 228,
    "n_feval": 417,
    "hit_maxiter": false,
    "status": 0,
    "message": "Optimization terminated successfully."
  },
  "maxiter": 400,
  "seconds": 695.9
}