{
  "model": "hb_rachel",
  "label": "HB-Rachel",
  "subject": 1,
  "n_trials": 8562,
  "nll": 38872.64893602303,
  "aic": 77759.29787204607,
  "bic": 77808.68349565301,
  "k": 7,
  "learns": true,
  "grid_deg": 360,
  "start_spread": 0.0,
  "params": {
    "k_motor": 28.00010524233632,
    "p_random": 0.011339164463459377,
    "lam": 0.3042611922897078,
    "alpha": 0.5282223163513982,
    "k_like": {
      "0.06": 0.9955360404409542,
      "0.12": 14.402988781468336,
      "0.24": 101.60063145512693
    }
  },
  "theta": [
    -0.004473952777155318,
    2.667435739314182,
    4.621049750234585,
    0.11300938337705237,
    3.332208268823009,
    -4.468088720924433,
    -0.8270877959408971
  ],
  "convergence": {
    "converged": true,
    "n_iter": 221,
    "n_feval": 406,
    "hit_maxiter": false,
    "status": 0,
    "message": "Optimization terminated successfully."
  },
  "maxiter": 400,
  "seconds": 59.6
}