{
  "model": "hb_rachel",
  "label": "HB-Rachel",
  "subject": 8,
  "n_trials": 5797,
  "nll": 30968.01010671742,
  "aic": 61950.02021343484,
  "bic": 61996.67588418422,
  "k": 7,
  "learns": true,
  "grid_deg": 360,
  "start_spread": 0.0,
  "params": {
    "k_motor": 6.7418749142925405,
    "p_random": 0.1960800734091595,
    "lam": 0.7600568982658299,
    "alpha": 0.7215163539492674,
    "k_like": {
      "0.06": 0.9918856346059621,
      "0.12": 2.3185063583855468,
      "0.24": 50.33338717232892
    }
  },
  "theta": [
    -0.008147466039004177,
    0.8409231673021832,
    3.9186686177951615,
    0.951995708451587,
    1.9083380634348526,
    -1.410976556823183,
    1.152991477489913
  ],
  "convergence": {
    "converged": true,
    "n_iter": 220,
    "n_feval": 377,
    "hit_maxiter": false,
    "status": 0,
    "message": "Optimization terminated successfully."
  },
  "maxiter": 400,
  "seconds": 51.1
}