{
  "model": "hb_rachel",
  "label": "HB-Rachel",
  "subject": 9,
  "n_trials": 8632,
  "nll": 42382.21539970586,
  "aic": 84778.43079941173,
  "bic": 84827.87341996029,
  "k": 7,
  "learns": true,
  "grid_deg": 360,
  "start_spread": 0.0,
  "params": {
    "k_motor": 12.724619999209354,
    "p_random": 0.031664284652755594,
    "lam": 0.4833253984799427,
    "alpha": 0.44924854847927076,
    "k_like": {
      "0.06": 1.0059701788294826,
      "0.12": 6.519813056620797,
      "0.24": 321.0361134209535
    }
  },
  "theta": [
    0.0059524279275223035,
    1.8748457032300796,
    5.771553619671057,
    -0.2037073265418165,
    2.5435386994531166,
    -3.420389461914748,
    -0.06672314923430789
  ],
  "convergence": {
    "converged": true,
    "n_iter": 295,
    "n_feval": 514,
    "hit_maxiter": false,
    "status": 0,
    "message": "Optimization terminated successfully."
  },
  "maxiter": 400,
  "seconds": 88.2
}