{
  "model": "hb_rachel",
  "label": "HB-Rachel",
  "subject": 4,
  "n_trials": 4801,
  "nll": 23111.630822109255,
  "aic": 46237.26164421851,
  "bic": 46282.59770077823,
  "k": 7,
  "learns": true,
  "grid_deg": 360,
  "start_spread": 17.06700482481392,
  "params": {
    "k_motor": 17.14652477556749,
    "p_random": 0.03576303221152305,
    "lam": 0.3057856600716223,
    "alpha": 0.6816466017824376,
    "k_like": {
      "0.06": 1.2609477744466624,
      "0.12": 4.7414380948510795,
      "0.24": 36.62657427221146
    }
  },
  "theta": [
    0.23186364014308875,
    1.5563404852300682,
    3.600774049955075,
    0.7613492634614027,
    2.84179551608515,
    -3.2944223415127425,
    -0.8198963607471033
  ],
  "convergence": {
    "converged": true,
    "n_iter": 186,
    "n_feval": 338,
    "hit_maxiter": false,
    "status": 0,
    "message": "Optimization terminated successfully."
  },
  "maxiter": 400,
  "seconds": 415.9
}