{
  "model": "hb_rachel",
  "label": "HB-Rachel",
  "subject": 10,
  "n_trials": 6045,
  "nll": 31110.12927862545,
  "aic": 62234.2585572509,
  "bic": 62281.20746459224,
  "k": 7,
  "learns": true,
  "grid_deg": 360,
  "start_spread": 30.682301398446725,
  "params": {
    "k_motor": 14.442803576565177,
    "p_random": 0.24078027455193005,
    "lam": 0.09733799379877968,
    "alpha": 0.8592950481478808,
    "k_like": {
      "0.06": 1.245008335186877,
      "0.12": 3.5852601785055276,
      "0.24": 26.189369185619146
    }
  },
  "theta": [
    0.21914222482347853,
    1.2768310456177931,
    3.2653535721516214,
    1.8094471837431438,
    2.670196268121072,
    -1.148406435077724,
    -2.227158788405355
  ],
  "convergence": {
    "converged": true,
    "n_iter": 162,
    "n_feval": 333,
    "hit_maxiter": false,
    "status": 0,
    "message": "Optimization terminated successfully."
  },
  "maxiter": 400,
  "seconds": 531.8
}