{
  "model": "hb_rachel",
  "label": "HB-Rachel",
  "subject": 8,
  "n_trials": 5797,
  "nll": 30965.680790294107,
  "aic": 61945.361580588215,
  "bic": 61992.017251337595,
  "k": 7,
  "learns": true,
  "grid_deg": 360,
  "start_spread": 64.76408583892771,
  "params": {
    "k_motor": 6.223425411042905,
    "p_random": 0.20504237079882595,
    "lam": 0.6393593500099733,
    "alpha": 0.8700588295792,
    "k_like": {
      "0.06": 0.963331101564354,
      "0.12": 2.4464544929232503,
      "0.24": 1042.6677361601178
    }
  },
  "theta": [
    -0.03735810326165599,
    0.8946398306843022,
    6.949537838725579,
    1.9014790167624631,
    1.8283204643373279,
    -1.3550721720265502,
    0.5725846262200665
  ],
  "convergence": {
    "converged": true,
    "n_iter": 350,
    "n_feval": 588,
    "hit_maxiter": false,
    "status": 0,
    "message": "Optimization terminated successfully."
  },
  "maxiter": 400,
  "seconds": 556.0
}