{
  "model": "hb_rachel",
  "label": "HB-Rachel",
  "subject": 7,
  "n_trials": 5797,
  "nll": 27300.01931888811,
  "aic": 54614.03863777622,
  "bic": 54660.6943085256,
  "k": 7,
  "learns": true,
  "grid_deg": 360,
  "start_spread": 0.0,
  "params": {
    "k_motor": 24.57152179065913,
    "p_random": 0.02470998082517245,
    "lam": 0.3702398448345874,
    "alpha": 0.6252825459961535,
    "k_like": {
      "0.06": 0.9970869222957659,
      "0.12": 8.152700185121487,
      "0.24": 47.10416179796271
    }
  },
  "theta": [
    -0.002917328973281651,
    2.0983491834392334,
    3.8523613580097065,
    0.5120313351857212,
    3.201588121556838,
    -3.6755276383250597,
    -0.5311880159008828
  ],
  "convergence": {
    "converged": true,
    "n_iter": 212,
    "n_feval": 394,
    "hit_maxiter": false,
    "status": 0,
    "message": "Optimization terminated successfully."
  },
  "maxiter": 400,
  "seconds": 53.1
}