{
  "model": "hb_rachel",
  "label": "HB-Rachel",
  "subject": 11,
  "n_trials": 6474,
  "nll": 31476.29678016839,
  "aic": 62966.59356033678,
  "bic": 63014.022406378186,
  "k": 7,
  "learns": true,
  "grid_deg": 360,
  "start_spread": 0.0,
  "params": {
    "k_motor": 18.372675602419992,
    "p_random": 0.018945083319542186,
    "lam": 0.29412871496999915,
    "alpha": 0.24964812210921594,
    "k_like": {
      "0.06": 1.0027073957925667,
      "0.12": 4.827430443850112,
      "0.24": 556.0436917396421
    }
  },
  "theta": [
    0.0027037373982378536,
    1.5743143268998205,
    6.320846873428701,
    -1.100489852201066,
    2.910864539269892,
    -3.94708399587388,
    -0.8754154275001698
  ],
  "convergence": {
    "converged": true,
    "n_iter": 283,
    "n_feval": 500,
    "hit_maxiter": false,
    "status": 0,
    "message": "Optimization terminated successfully."
  },
  "maxiter": 400,
  "seconds": 77.8
}