{
  "model": "hb_rachel",
  "label": "HB-Rachel",
  "subject": 6,
  "n_trials": 7553,
  "nll": 37934.33436668996,
  "aic": 75882.66873337992,
  "bic": 75931.17663418011,
  "k": 7,
  "learns": true,
  "grid_deg": 360,
  "start_spread": 0.0,
  "params": {
    "k_motor": 8.719255335846881,
    "p_random": 0.05712861768883853,
    "lam": 0.2722584013629855,
    "alpha": 0.5919428324824318,
    "k_like": {
      "0.06": 0.9949077741083996,
      "0.12": 7.071201876266238,
      "0.24": 614.2197949762308
    }
  },
  "theta": [
    -0.005105235457758359,
    1.9560304621037217,
    6.420352836364346,
    0.3720027824150931,
    2.165533837009068,
    -2.8036247047421496,
    -0.9831944179231316
  ],
  "convergence": {
    "converged": true,
    "n_iter": 307,
    "n_feval": 527,
    "hit_maxiter": false,
    "status": 0,
    "message": "Optimization terminated successfully."
  },
  "maxiter": 400,
  "seconds": 76.2
}