{
  "model": "hb_rachel",
  "label": "HB-Rachel",
  "subject": 1,
  "n_trials": 8562,
  "nll": 38456.4610778425,
  "aic": 76926.922155685,
  "bic": 76976.30777929194,
  "k": 7,
  "learns": true,
  "grid_deg": 360,
  "start_spread": 416.18785818053584,
  "params": {
    "k_motor": 25.932765049504923,
    "p_random": 0.018263238970117356,
    "lam": 0.1351270640032914,
    "alpha": 0.9928301283096594,
    "k_like": {
      "0.06": 2.341494023457736,
      "0.12": 14.098215548723532,
      "0.24": 201.8472365645139
    }
  },
  "theta": [
    0.850789197196492,
    2.646048232547013,
    5.3075111566652975,
    4.9306718211352045,
    3.2555072290179723,
    -3.9844329682379707,
    -1.8563670507276098
  ],
  "convergence": {
    "converged": false,
    "n_iter": 400,
    "n_feval": 621,
    "hit_maxiter": true,
    "status": 2,
    "message": "Maximum number of iterations has been exceeded."
  },
  "maxiter": 400,
  "seconds": 761.9
}