{
  "model": "hb_rachel",
  "label": "HB-Rachel",
  "subject": 12,
  "n_trials": 6474,
  "nll": 32756.068284771867,
  "aic": 65526.136569543734,
  "bic": 65573.56541558514,
  "k": 7,
  "learns": true,
  "grid_deg": 360,
  "start_spread": 0.0,
  "params": {
    "k_motor": 14.287674919891083,
    "p_random": 0.1021291130580166,
    "lam": 0.2832889498993871,
    "alpha": 0.6139353268437889,
    "k_like": {
      "0.06": 1.0024059806705818,
      "0.12": 3.391658494215358,
      "0.24": 12.288497201836378
    }
  },
  "theta": [
    0.002403090933261464,
    1.2213190330896926,
    2.508663637975764,
    0.46388468925893867,
    2.659397271908004,
    -2.173788452392981,
    -0.9282053597771039
  ],
  "convergence": {
    "converged": true,
    "n_iter": 216,
    "n_feval": 396,
    "hit_maxiter": false,
    "status": 0,
    "message": "Optimization terminated successfully."
  },
  "maxiter": 400,
  "seconds": 65.4
}