{
  "model": "hb_rachel",
  "label": "HB-Rachel",
  "subject": 3,
  "n_trials": 9412,
  "nll": 41959.96351377024,
  "aic": 83933.92702754049,
  "bic": 83983.97521278942,
  "k": 7,
  "learns": true,
  "grid_deg": 360,
  "start_spread": 342.2603836494818,
  "params": {
    "k_motor": 36.36236947659116,
    "p_random": 0.0066855672458253695,
    "lam": 0.31130595137040745,
    "alpha": 0.5403758626554738,
    "k_like": {
      "0.06": 2.2003578589026414,
      "0.12": 8.622805336030757,
      "0.24": 100.64475109013262
    }
  },
  "theta": [
    0.7886200102736208,
    2.1544104767450287,
    4.61159700060306,
    0.16185587663641327,
    3.5935344343089626,
    -5.001096202740976,
    -0.7940209259953417
  ],
  "convergence": {
    "converged": true,
    "n_iter": 220,
    "n_feval": 415,
    "hit_maxiter": false,
    "status": 0,
    "message": "Optimization terminated successfully."
  },
  "maxiter": 400,
  "seconds": 680.8
}