{
  "model": "hb_rachel",
  "label": "HB-Rachel",
  "subject": 7,
  "n_trials": 5797,
  "nll": 27196.57387098812,
  "aic": 54407.14774197624,
  "bic": 54453.80341272562,
  "k": 7,
  "learns": true,
  "grid_deg": 360,
  "start_spread": 128.64170962221397,
  "params": {
    "k_motor": 25.956717020102055,
    "p_random": 0.038540695356996175,
    "lam": 0.3336844980363734,
    "alpha": 0.7954820419711692,
    "k_like": {
      "0.06": 1.8821969626321884,
      "0.12": 8.598790732724718,
      "0.24": 44.093029572201516
    }
  },
  "theta": [
    0.6324396917084827,
    2.1516215808987313,
    3.7863017103728,
    1.3582924870560165,
    3.256430420822668,
    -3.2167375339701336,
    -0.691567355151785
  ],
  "convergence": {
    "converged": true,
    "n_iter": 239,
    "n_feval": 433,
    "hit_maxiter": false,
    "status": 0,
    "message": "Optimization terminated successfully."
  },
  "maxiter": 400,
  "seconds": 556.1
}