{
  "model": "hb_rachel",
  "label": "HB-Rachel",
  "subject": 4,
  "n_trials": 4801,
  "nll": 23120.852999074978,
  "aic": 46255.705998149955,
  "bic": 46301.04205470967,
  "k": 7,
  "learns": true,
  "grid_deg": 360,
  "start_spread": 0.0,
  "params": {
    "k_motor": 17.464949424179558,
    "p_random": 0.035107865678969244,
    "lam": 0.30700600034917214,
    "alpha": 0.5984658730457381,
    "k_like": {
      "0.06": 0.9991230906319807,
      "0.12": 4.708863441960251,
      "0.24": 26.760904967764233
    }
  },
  "theta": [
    -0.0008772940779594503,
    1.5494465714695644,
    3.2869420526166238,
    0.39907697414776533,
    2.860195982416043,
    -3.313591118401135,
    -0.8141540481324003
  ],
  "convergence": {
    "converged": true,
    "n_iter": 185,
    "n_feval": 340,
    "hit_maxiter": false,
    "status": 0,
    "message": "Optimization terminated successfully."
  },
  "maxiter": 400,
  "seconds": 42.2
}