{
  "model": "hb_rachel",
  "label": "HB-Rachel",
  "subject": 5,
  "n_trials": 5789,
  "nll": 31737.380668533133,
  "aic": 63488.761337066266,
  "bic": 63535.407340974816,
  "k": 7,
  "learns": true,
  "grid_deg": 360,
  "start_spread": 0.0,
  "params": {
    "k_motor": 2.9268638477860565,
    "p_random": 0.2755813224259749,
    "lam": 0.04383517385126312,
    "alpha": 0.616155220893568,
    "k_like": {
      "0.06": 0.9806426821321462,
      "0.12": 160.87606636157724,
      "0.24": 386.07963656870123
    }
  },
  "theta": [
    -0.019547124165095634,
    5.080634294404515,
    5.956043660539512,
    0.4732606639701088,
    1.0739314906681816,
    -0.9664867429309412,
    -3.082493759409188
  ],
  "convergence": {
    "converged": true,
    "n_iter": 206,
    "n_feval": 381,
    "hit_maxiter": false,
    "status": 0,
    "message": "Optimization terminated successfully."
  },
  "maxiter": 400,
  "seconds": 50.4
}