{
  "1": {
    "n": 8562,
    "nll": 38505.60472799867,
    "aic": 77023.20945599733,
    "bic": 77065.53999051756,
    "k_like": [
      2.096,
      13.051,
      2.947719082040969e+39
    ],
    "k_motor": 26.657687960342244,
    "p_random": 0.01340350339500165,
    "lam": 0.14691247845270675
  },
  "3": {
    "n": 9412,
    "nll": 41961.62390914788,
    "aic": 83935.24781829576,
    "bic": 83978.14626279483,
    "k_like": [
      2.15,
      9.327,
      486.107
    ],
    "k_motor": 28.582494916249185,
    "p_random": 0.006921909926882259,
    "lam": 0.0441584289231427
  }
}