subject_id,readout,n_trials_fit,nll,nll_per_trial,optimizer_success,optimizer_status,optimizer_message,carryover_weight,learning_tau,k_motor,lapse_rate,k_llh_by_coherence,k_prior_target_by_std,recovery_source
1,MAP,360,1699.222678682298,4.720062996339717,True,0,Optimization terminated successfully.,0.1297559989050042,114.66274528782496,12.073880337720437,0.13014424161195182,"{""0.06"": 13.39934445590873, ""0.12"": 30.667649640880402, ""0.24"": 49.4783713912785}","{""10.0"": 20.73136146112447, ""20.0"": 34.17198217168652, ""40.0"": 4.44676850731955, ""80.0"": 5.611568585985866}",simulated_from_hb_verified_smoke_fit
2,MAP,360,1553.0854746278237,4.314126318410621,True,0,Optimization terminated successfully.,0.02050978678619664,39.55767818089937,30.47759479365384,0.125289611208262,"{""0.06"": 0.1076762131031198, ""0.12"": 0.13523898732025347, ""0.24"": 4.891361005802774}","{""10.0"": 3.0210584582246502, ""20.0"": 15.33751128121594, ""40.0"": 0.47685707247623105, ""80.0"": 1.1107069308443296}",simulated_from_hb_verified_smoke_fit
3,MAP,360,1701.6674757852807,4.726854099403558,True,0,Optimization terminated successfully.,0.7474701851354703,38.552032174438295,15.110826839318463,0.16893437305592077,"{""0.06"": 0.3707371344721684, ""0.12"": 6.651185510861157, ""0.24"": 17.98914789956923}","{""10.0"": 2.787829006263073, ""20.0"": 0.7292267623313107, ""40.0"": 1.5548894729485894, ""80.0"": 1.8249485778682872}",simulated_from_hb_verified_smoke_fit
